student_id,section_id,grade
361,135,F
519,177,A+
3774,5,B+
1338,104,C
2430,122,F
423,38,C+
4410,103,A
3944,104,C+
4009,50,B+
4344,162,D
4254,66,A+
4078,178,A
223,44,A-
1276,162,D
3160,192,B
702,21,A-
1843,188,C-
4717,146,C-
1125,48,D
823,76,B
3775,35,C-
2897,187,A-
1007,79,A
1556,185,B-
450,86,C
4181,116,C
1232,123,B
2813,35,A-
2443,121,C+
2497,19,B-
993,189,A
4398,127,B-
1469,196,B+
564,112,C-
4160,137,A
2734,72,A+
4151,159,C+
3222,27,D
3301,33,B+
1100,185,C-
2984,106,A
4196,58,C
647,13,B
4443,32,C-
4497,148,C-
2537,25,C+
1640,126,B-
1946,190,C-
4848,199,C+
2295,182,C
1418,64,A+
929,106,F
4627,136,B
1457,108,F
2834,91,A+
1906,32,A
209,184,C+
3402,183,A
1790,197,F
2901,114,A-
2424,144,C
4690,187,C-
4592,36,B+
1182,163,A+
2917,145,C-
2700,157,A
4603,187,B-
1371,167,F
92,169,A
1666,144,C-
404,200,F
3538,103,A+
4316,23,B
3498,88,B-
3139,143,B+
3236,174,C-
1850,63,B
263,111,A+
2402,108,D
4774,78,C+
1897,147,B+
2171,6,A-
3074,58,F
1494,14,C
2364,166,C+
4967,79,B
296,20,C+
87,161,A
4358,108,C-
4997,55,B-
3285,105,B-
2132,2,B
1517,88,B
84,128,B
2371,144,B+
1027,54,C+
2828,197,C
4801,83,B
262,165,B
207,93,A+
1080,152,B+
2191,85,A+
35,163,A+
4514,4,C
2297,79,F
621,28,C
167,157,A+
558,63,C
2215,13,D
119,31,A+
1304,32,A
3240,92,B
4488,50,C-
302,90,C-
1741,109,C
4643,180,C+
1665,161,A
1200,98,C
674,77,A-
737,25,D
2120,152,C
2495,137,F
3386,121,D
2300,91,C+
454,111,A-
4810,193,C+
4794,192,A+
1749,135,B-
1743,21,F
120,63,A-
2261,1,B+
269,85,C-
2782,2,B-
4264,127,C+
4628,95,D
4146,31,C+
4013,141,F
3883,102,C
2378,138,A+
1169,36,B+
4936,14,B+
350,62,F
924,116,C+
1338,11,D
2583,67,A-
2021,156,B+
4750,52,B
2946,141,B+
1453,117,B-
2489,171,B+
4092,161,F
1964,123,C-
2912,113,C-
170,42,B
4121,48,A-
544,125,B+
2107,151,A
4931,143,A+
1606,115,B
4385,31,C
2626,63,A-
3626,38,D
3705,140,F
279,30,B
3855,70,C+
3771,176,B-
975,122,A
2470,150,C-
277,47,A
195,94,B-
4446,134,A+
4303,193,A
1412,163,A+
1538,79,C+
2818,147,A-
234,29,A
4022,159,F
1572,69,C-
2880,90,C
4543,136,A-
3744,70,A
11,151,B
4879,78,B
2020,152,A
3633,131,F
1552,49,C
2328,166,B
4078,107,C+
2547,44,B+
2350,198,A
1840,86,B
2764,162,B-
1609,32,C
4203,195,F
13,16,D
3314,96,F
4258,85,A-
1356,148,B
523,157,B+
3830,110,C-
3506,55,F
3849,79,F
3839,43,C+
1393,42,F
755,145,A
1449,167,C
2363,62,D
1079,198,A
1102,45,D
2245,102,A
1889,28,B+
457,32,B
3744,51,B
3866,37,A+
800,98,F
4398,149,F
457,135,D
3436,98,A-
4803,80,A
4503,93,A+
3258,19,F
4417,67,A
3227,171,D
4444,117,C
2936,3,F
1255,164,B-
2914,69,B+
4902,191,A+
3859,46,B+
2029,103,C
2659,123,C+
727,187,B+
2359,13,A+
3049,45,A+
4480,182,C
3924,154,F
3278,142,D
2800,82,C-
2838,174,C+
1530,143,A+
4596,195,B
3769,34,B+
4185,98,C+
3195,68,F
1611,112,A
3772,28,C
3274,75,B+
833,157,C-
1936,53,B+
4921,68,B
123,176,B+
1746,173,B-
4976,38,C+
2159,62,C-
4861,144,A-
4511,25,B+
4900,82,A-
1704,199,C+
2251,92,C
2456,135,F
2569,121,F
4637,105,B+
756,158,A-
2768,134,A
2151,2,B
827,161,A+
505,183,B
4400,93,C
1529,132,C
763,10,C-
3054,3,A
418,172,C+
3352,143,B+
1861,93,B+
2579,173,B-
3555,104,B
4100,37,A
237,43,C+
462,197,A+
1990,110,C
2122,112,D
2523,28,C+
2662,18,F
79,112,F
986,46,B+
943,150,C
4433,13,C
899,147,C
2304,5,C-
4002,40,D
2434,16,C
3893,155,A-
2389,120,A
3465,63,B+
2767,13,A+
1954,91,C-
2103,200,B
1951,52,C
1164,36,A+
1884,169,B+
1768,54,A+
4261,140,A
2174,2,D
3683,191,A+
4853,61,B
2536,53,F
2117,136,A+
3212,98,F
1666,181,C
3725,6,A-
3771,163,B+
1055,165,A
1168,75,C+
4858,140,A-
1015,190,B+
625,171,C-
2701,139,A+
2071,23,A+
1383,80,A+
570,88,F
511,48,C+
3751,34,A+
1456,15,A-
4684,124,F
4760,95,D
2995,183,A
4251,10,B+
1708,126,B
4007,3,B
3525,44,C-
2353,97,A
3003,2,D
3025,152,A-
4852,143,B
446,47,C-
569,3,A-
398,101,B
4540,64,B
4890,114,B
4853,182,C-
1075,171,A
3233,123,A
505,155,B-
4959,171,A-
1719,185,B
2136,149,A
235,56,C
325,18,B+
1946,171,F
229,49,C-
314,3,F
1132,123,B-
4968,165,B
2803,161,B
1473,100,F
1174,160,C
4423,9,F
215,2,B+
3290,195,F
3497,74,F
3997,190,F
3635,143,A
1216,93,C+
2740,153,A+
4189,148,C
2829,130,C+
4461,116,F
4185,65,A-
4165,174,A-
1456,16,D
4516,101,D
3829,196,B+
897,176,A
2771,184,A
4742,34,B+
2954,141,B-
3047,97,C+
2874,56,F
12,184,C+
2821,84,B
95,178,A-
4576,167,C+
4039,50,A
2710,161,A-
1391,145,C-
2664,50,D
4781,76,A-
3536,80,F
1298,46,A-
1995,135,D
1198,16,B-
2299,27,B
3497,200,D
2616,200,A+
1463,140,D
346,143,A
1311,97,A
1951,137,B+
4210,7,C+
4922,77,C
1120,174,D
4217,66,A
3349,189,F
1141,177,A-
793,94,B-
26,87,C-
2530,60,B+
4075,99,C
1463,170,C-
171,200,C
5000,197,A+
613,26,C-
4897,155,A
1883,195,C+
751,21,B-
1420,24,A-
2349,114,C
1904,67,B+
2755,179,C+
692,94,C+
4001,44,D
124,62,B+
1065,198,F
2573,177,A-
3025,68,C
4437,119,F
2651,139,F
1902,116,C+
3664,72,A-
316,178,B-
2692,176,F
4206,145,A
4710,75,B-
2092,2,B
3390,193,A+
431,3,D
2993,11,A-
3615,192,B-
4824,67,C+
2368,167,C
4827,84,F
880,70,B+
1391,134,F
4452,113,A+
2240,27,C+
845,22,A+
2806,61,D
1976,163,A-
2235,36,C+
1055,128,F
3234,17,A+
1179,32,C+
1869,125,F
1174,119,C
2907,3,F
2641,152,C
3628,93,D
1679,7,B+
4762,186,A-
1487,189,A-
4746,195,C-
1471,68,C-
3404,90,C+
2190,75,C-
543,115,F
504,93,F
4647,78,A
3382,57,F
2268,130,C-
2275,120,A
866,191,A
2103,10,B
386,187,A
4858,62,F
1767,84,B-
1985,104,C
3725,148,A
1079,179,D
3980,8,A-
258,139,B+
486,50,C+
718,43,A-
1300,34,C
1236,51,A
1614,138,B
1663,37,C+
2341,123,A-
689,59,B
4487,51,C
239,89,A-
4050,6,C-
2792,1,C-
659,95,C-
706,52,A+
4428,179,D
49,98,C-
2317,130,C-
2336,200,A-
1253,180,B-
1697,146,D
3073,2,D
1898,14,F
56,168,B+
4343,72,B
3990,80,B+
3306,182,C-
2773,136,D
2315,169,C
2774,16,C+
4221,106,D
3131,124,F
3984,1,C-
3084,38,F
4097,48,A-
4244,76,B
1976,200,F
2767,200,B
3042,120,C
3597,122,B
1580,35,A-
16,104,F
1301,77,A-
3773,129,B+
1190,32,B-
675,180,F
4181,159,B
3799,26,C+
2417,131,A-
3518,39,C+
4719,7,B+
471,71,C
2342,8,A+
4246,46,C+
3749,86,C
247,151,B+
4892,198,B
4232,2,A-
1767,75,F
2508,77,C-
2912,10,C+
2425,73,A
4151,153,C+
586,178,B+
3506,46,B
2265,61,A+
240,167,C-
1161,169,A-
4886,176,A+
4759,130,B-
3196,20,B+
684,157,A-
3214,168,A-
4950,159,C-
4556,113,B-
832,139,F
3861,90,C-
164,191,C+
2194,129,D
4553,25,B+
4111,128,B+
1340,33,C+
4188,115,A-
3189,145,C-
1953,177,A
2438,96,B
422,108,B-
3250,31,D
2255,191,B+
1572,175,C-
2796,161,B
188,51,D
2055,186,B+
115,77,B-
2197,52,B+
3158,19,B
2869,185,C
1822,114,A-
1512,124,F
777,76,B-
1961,113,B+
2178,130,C
425,79,C
2597,163,F
642,200,C
820,171,F
1410,92,C-
1848,29,C
259,184,B+
4747,138,C+
4684,194,D
2736,57,A
2183,8,B
1419,58,B+
3818,176,B+
2871,18,C
2990,52,A
468,182,A-
51,194,A+
2699,134,D
2621,147,C-
77,20,B
2962,106,A+
4231,32,A-
3124,162,B-
1367,22,B
2617,2,B
1721,182,A-
400,64,B-
1616,37,C
2845,45,F
673,5,B+
3752,71,C+
4754,111,B+
4658,6,B+
2814,124,C
3519,48,B-
1907,144,B+
1877,16,D
2177,94,B+
406,70,A-
4276,39,B-
167,110,F
4540,108,A
2417,47,A+
3256,130,A+
1961,6,C
2691,3,B-
1748,52,B
987,137,C
2037,127,A+
992,158,C-
4663,101,B
1970,37,D
1558,25,B+
3776,32,A+
676,2,A
436,52,A-
259,37,B-
2098,173,C+
3884,116,F
411,161,D
4952,152,A-
4829,119,A
2461,71,B
4920,177,A
208,132,F
1133,1,B+
853,177,A-
4572,103,A-
4218,167,D
846,76,B
4249,161,C-
4849,102,B-
188,82,D
3312,4,A
2667,116,C
2991,111,C-
1949,161,A-
4338,53,C+
2256,19,F
834,40,C+
830,77,C+
1525,193,A-
119,11,B-
292,188,B+
384,24,B+
3313,174,B+
3984,135,C+
3011,189,A+
4352,80,B+
2621,92,C
235,188,C+
2219,127,D
3952,45,C
855,129,A-
3370,83,C
2130,48,A
152,43,A
456,101,A+
140,179,B
516,150,F
1253,147,C+
1304,92,C-
1281,183,A
4627,89,F
4912,136,A-
4213,117,B
1987,93,A-
4022,65,D
2840,190,B+
4487,176,C+
3672,197,B
3288,148,A-
637,65,C+
1701,34,A+
2765,58,F
2472,123,C-
1754,164,A
1277,118,C
1117,198,C
543,81,B+
3899,75,D
883,156,C
4712,51,C
1147,10,B+
3618,126,F
1977,160,C
150,100,B-
957,9,B-
1078,172,A
3632,20,C+
1881,75,B
1839,156,C-
3910,44,A
3857,110,C
2627,89,B-
2412,87,A-
4239,173,C+
1008,50,D
3270,145,B+
2588,84,C-
3482,37,A
3086,45,F
4830,104,C
4726,41,A
1100,131,C+
3845,71,C
2929,40,A
3687,148,A
4307,129,C+
541,97,C
2698,58,B+
1192,38,A-
2289,192,A-
1519,184,B+
494,34,A-
4707,107,C
3445,188,A
902,146,A-
4172,74,B-
3716,195,C-
2588,192,C
2702,17,A+
3133,37,C
4956,157,B-
1989,198,C-
630,21,C-
277,195,A-
1419,191,B+
2589,6,D
4977,116,C
1396,112,B+
3261,99,A
724,92,A
4666,195,C+
1210,189,B
3916,24,A+
2787,39,A
1984,144,A+
1712,117,C+
4490,92,C
1328,156,A-
2795,3,D
3370,164,C+
1653,94,F
3099,11,A+
1270,161,A-
3770,39,A+
2332,185,B-
4288,162,A+
1170,154,F
1988,35,B
2040,19,A
3892,128,A-
1898,84,C-
4290,172,C
446,74,F
3527,113,F
4862,138,B+
1328,126,F
1851,47,C+
1138,193,A
4546,21,D
4047,103,D
817,191,C+
2968,59,C+
1049,178,F
2984,188,B+
1748,18,B-
4430,12,C-
4724,38,B+
3897,140,C-
1527,83,A+
3610,120,C
4606,174,C
2095,66,C+
472,191,A-
4716,51,B+
2264,121,C
1182,85,C-
845,31,B+
3489,65,F
3201,84,C-
4263,19,D
3320,185,A
4668,173,B+
258,105,C
3242,163,A-
3526,115,B-
2885,122,C
1302,67,A+
3210,32,C-
532,141,A-
111,92,B+
3384,139,C+
1141,152,B-
2323,45,D
1866,193,B-
2693,31,D
2149,35,F
3495,137,A+
803,45,B+
1987,78,B
3910,5,B-
3196,57,D
2157,184,C+
2726,167,D
3515,67,A+
3318,44,C-
2011,65,A-
951,121,C-
1647,151,A-
1456,191,C-
3070,28,B
4076,128,C+
4704,121,D
11,19,C
588,114,B-
288,156,B
2843,100,A
740,110,B+
443,23,B
1992,73,C
4944,129,C+
4739,169,B
3751,98,A
614,125,B-
412,4,C+
1201,122,B-
1282,110,B-
2125,84,C+
598,4,A
661,23,D
1852,127,F
1081,168,B
2152,27,A+
4348,49,C-
241,145,A
3822,63,C-
446,150,B-
1751,20,C
3354,198,C
2880,32,B-
837,83,B
1336,45,B+
71,107,B-
45,34,C+
2107,115,A+
3934,171,A-
327,139,A+
3520,11,A+
4340,95,B+
2361,128,B+
1378,16,A+
2388,118,C-
3141,121,B
1437,124,B-
4749,130,A
624,193,C+
716,111,B
2272,14,F
1674,145,A-
4111,75,C-
4605,41,A-
2428,69,C-
4719,140,D
1435,45,B+
398,128,D
2389,77,B
2785,33,D
4596,13,B-
4286,1,C
2434,18,C+
978,99,C+
1534,27,A+
894,169,A
2284,40,A-
663,104,C
2336,131,A+
42,38,B+
4957,163,D
4492,81,D
1660,53,B+
1032,165,A-
4702,71,A+
696,67,C+
4367,180,A-
2082,145,C-
2017,44,B+
3315,112,A-
2797,130,A-
1695,73,B-
4099,9,A+
3294,174,A
3021,12,C-
847,14,D
947,36,F
4118,155,A+
4632,101,A
609,150,B-
3483,127,B
2528,77,B+
3210,84,B-
1109,66,B
4011,34,A-
4047,151,B+
4463,170,B-
940,26,A
4463,9,B-
642,167,B-
2737,193,D
3848,2,D
2418,181,C
887,120,B
1971,95,A-
404,166,B
508,163,A-
4499,112,A
780,15,A+
4829,35,C-
1988,25,A
2827,171,F
1763,160,B
2643,78,A+
4559,102,C+
2466,105,B
3625,98,A
4676,31,B+
3975,114,C+
4291,196,C+
3752,171,F
113,136,C+
2798,166,B+
4237,176,F
4664,168,C
3182,167,B+
3302,118,C-
3682,80,B
2871,2,A+
4285,195,A-
705,34,A-
4895,58,B
2307,34,C-
1093,137,A-
4570,189,A-
4648,170,C
3549,61,B-
4638,111,D
1548,45,C-
3854,159,A
1226,52,C+
1077,50,A-
1152,138,A
3140,113,A
2878,27,A-
1934,149,A
2826,117,A-
4199,121,B-
4319,101,A-
1056,138,C
204,196,D
2562,115,A+
1157,119,A-
1069,5,C+
2628,73,A-
2453,118,C
3123,196,F
3048,126,F
2324,179,C-
1664,188,D
1846,135,B
2723,131,C-
684,147,C+
2714,52,F
3835,179,D
3906,24,B+
136,138,C
3854,131,A-
3049,54,A+
1857,130,A+
2314,149,A
2669,75,D
1853,92,C+
2679,191,C-
3450,93,F
2166,29,B+
3846,38,F
3992,139,C-
301,150,C-
2291,33,B+
3338,38,A+
126,126,C-
3923,1,D
4826,69,C
2409,23,A
2073,90,C+
2350,147,C
2642,115,B+
2986,41,B
2950,191,B-
685,1,B
4101,2,B
2609,68,A+
3311,171,B-
1524,87,D
4733,129,C+
2259,86,C-
1385,156,D
1783,143,A
4835,113,C+
3449,12,B
3498,141,C+
4892,132,B
2349,40,A
1335,18,B+
504,143,F
3201,50,B-
1487,196,D
2121,99,B
4255,113,C-
302,39,C
3907,101,B
3712,87,C
4767,20,C-
3299,56,B-
1273,57,B+
3556,132,B-
2932,158,D
1435,7,A
3584,107,D
5,54,A+
4163,75,A
2305,161,C+
1237,24,A
1115,111,B-
2996,86,A-
275,175,A-
2218,88,A+
2757,153,A+
3461,73,C-
4528,184,C
422,156,A
642,159,D
149,42,C-
2992,179,A-
2657,136,C+
1070,192,B-
3252,128,A
1084,176,C+
1023,91,A-
3851,99,B-
3859,170,B+
3080,65,A+
3910,9,D
299,51,C-
1979,199,A-
3133,128,A-
1345,47,A
4586,102,A
536,127,D
3395,85,C-
1871,189,F
412,61,B-
2112,76,C
1635,178,C
1315,129,C
4685,38,B-
3846,43,A-
3104,43,B
2912,197,C+
2969,87,A+
497,103,B-
4228,31,C-
3222,141,F
1976,95,D
2627,75,A
3046,195,A+
335,195,A-
3064,58,C
3991,133,F
973,72,A+
2285,15,A-
3668,92,C+
3806,182,D
3236,91,A-
3490,135,B+
4200,136,B+
2612,78,F
837,45,F
1623,162,B
1904,6,C-
2043,104,A-
2527,126,C
3145,40,B+
2729,77,A-
3591,33,B+
486,4,A
1030,76,C+
3561,16,A
446,153,F
1007,85,A
4555,99,C+
1225,174,C-
738,40,F
4136,142,A+
4826,103,B+
3467,3,D
1985,193,C+
2231,152,B-
4260,189,C-
4202,48,D
625,146,C+
2721,79,A+
4807,15,A-
438,188,F
1598,141,B-
1740,143,A-
2154,32,F
609,160,A
552,173,B
1836,194,B-
2996,128,B-
618,178,B+
4335,55,C
3703,120,D
1566,88,B+
229,159,F
1373,173,A+
2946,176,B-
1620,78,C
3450,45,B-
2403,13,C+
2720,136,A
2048,172,B-
2637,66,A
609,26,A-
3503,93,A+
2754,43,A+
2061,188,B+
2372,4,F
478,57,A-
2831,43,A-
1915,154,B+
4847,195,A-
302,175,A+
398,200,C+
847,4,B-
4415,142,D
4801,18,B
3894,79,A-
4513,30,B+
2416,6,F
3613,189,B
1751,130,F
1346,58,C-
3153,52,B+
4442,37,C
3834,139,F
2079,200,A
1200,46,B-
1073,12,F
1311,146,A+
2859,61,B-
3160,80,A
4034,97,A+
3655,157,A
4720,46,F
2169,87,C
240,37,B
4967,62,C-
1768,47,B-
3136,117,A+
1131,13,A+
4929,162,C
3553,188,A
4976,180,B-
4205,200,C+
1664,108,A
4197,22,A-
4224,137,D
1569,175,B
1346,33,A+
4112,91,B-
3595,78,D
4528,26,C-
1701,79,A-
387,103,D
4732,154,C+
1981,98,B
4693,109,A
2953,169,B+
511,51,C
603,187,D
3513,50,B-
1720,100,B+
3115,77,B-
31,149,C
2788,60,B
772,15,F
647,61,F
1087,64,A+
4972,183,B
2269,86,A-
623,11,A-
2928,6,A-
2199,121,B
3720,86,F
2969,48,B-
2391,158,C+
1102,66,C+
3274,58,B
2939,40,B
1578,56,B+
511,47,A+
1198,153,A
3007,106,B-
4350,168,A+
1269,101,B-
750,91,B
3116,57,C+
1027,167,C-
4213,175,A-
3614,47,A
4575,114,A
101,35,F
3743,36,B+
1026,143,D
1993,84,A+
4658,198,B
2126,98,D
1422,158,B
1451,6,C
2782,184,A-
1710,62,B-
595,142,F
4761,12,C-
1877,183,C+
1720,66,A
640,94,A+
1391,196,A+
3916,121,B
2194,11,B+
3804,108,A+
711,88,A+
4883,52,A+
887,61,F
3246,153,C-
804,89,F
2710,40,A+
3239,173,C+
3699,2,B
1716,56,A
3938,110,F
2279,46,C+
1528,106,D
4048,124,C
3614,90,A+
3388,125,C-
797,134,A
2055,68,C-
2185,186,B
3824,160,C+
1860,151,C-
1713,161,B+
173,124,B
2386,4,F
1584,64,A
723,84,C+
249,159,F
738,107,A
1823,74,A+
3758,48,A
4062,106,B+
371,37,C+
2957,135,A+
4722,79,A-
2369,29,A
3499,133,B-
3924,162,B-
4748,48,D
1527,95,C
4879,95,B+
613,3,C
1724,165,D
1810,197,F
106,185,B-
1453,63,B+
4095,33,B-
75,52,A-
4652,123,C
736,106,B
303,138,C-
2045,56,B+
1883,59,C
848,80,C
767,89,B-
994,135,C
4330,25,F
392,111,F
2402,153,B-
1329,88,B+
2432,113,C+
2924,59,A-
4732,34,A-
1912,138,A-
2158,196,B
2506,195,D
3682,18,B
2333,96,C-
3208,188,C-
1187,183,C+
3112,123,F
4213,68,A+
3729,118,C-
2548,73,D
3901,50,C
4633,132,A+
4627,58,C+
4478,134,B
2150,172,A
4109,78,C-
4114,59,C+
3134,28,C
2166,120,C+
3976,187,A-
3310,72,B+
4329,135,B
3295,135,F
2513,121,C-
383,20,A-
775,97,A+
3323,140,A-
3975,164,B-
801,92,C-
4132,148,D
4425,165,A+
4630,96,A
19,149,B-
4562,197,D
3075,95,B
1307,170,B-
1541,68,B
655,179,F
1191,181,F
1292,42,A
4920,38,C+
3112,69,B
3439,128,C+
4836,50,A-
1164,158,D
3731,115,F
1856,126,C
3622,161,B
2402,140,C+
1666,186,D
2728,146,C-
300,26,F
1530,140,B-
4770,98,C+
2342,181,A
3392,20,B-
2369,179,A+
3591,5,A-
3896,7,C
4657,159,B-
2894,55,A
4352,126,B-
3326,45,A
3853,139,B+
1732,48,C-
593,57,C+
3496,80,B+
269,161,A+
4010,132,C+
1463,99,C-
3306,119,B
280,144,A+
583,143,C-
1502,26,A
1021,142,B-
1941,160,C+
375,103,F
4099,96,B
3552,42,A+
2707,44,A
2613,155,B-
1296,50,F
2494,114,D
2318,27,C
4937,175,C-
2558,18,F
535,50,C
4069,194,C
2427,41,C-
2700,185,B+
2898,2,A-
2321,84,B-
2013,164,A-
4359,92,B-
2136,54,C-
3070,65,D
3451,115,C
375,159,B
3587,94,A+
3591,132,B+
79,166,C
83,139,C+
2094,112,A
3126,155,F
703,31,C
3529,116,A+
742,66,A
4682,176,C+
3343,166,A+
4110,154,B-
2861,64,D
3732,189,A-
439,45,B+
627,175,A-
1737,59,D
1808,118,B
927,35,A
3953,122,C+
38,29,B-
1058,56,A-
2296,86,A-
749,46,F
2701,136,B+
3505,112,D
1578,181,A-
4450,107,B+
1801,143,C
671,4,F
234,164,D
4959,123,C+
4105,9,B
3939,195,C+
4206,107,C+
3021,127,F
204,34,A+
863,71,F
1246,85,C
4429,111,F
4923,198,F
4853,144,A-
1772,88,B+
4889,32,C-
4707,27,A-
600,131,A
702,123,F
3990,96,A-
3846,138,A-
690,77,A
754,30,B
2661,18,A
3160,45,C-
4005,8,B+
117,2,C+
1506,133,A+
290,108,A+
4569,20,D
2275,12,A-
1198,71,B+
4923,50,A
2869,171,C-
1144,66,A+
2058,6,B+
4139,2,C
4146,180,B+
3281,171,B
4880,80,C+
393,47,B-
4939,38,B
2364,132,A
196,79,D
3383,85,C
3023,33,F
3794,18,B-
810,91,A-
4010,17,B-
2159,151,C
1352,142,C+
279,90,A+
2831,64,F
3724,166,A+
1435,145,B
726,158,A+
1519,98,C
4819,104,A+
975,70,B
3659,170,B
212,188,F
1358,115,C
2870,114,C
2135,29,A+
2364,61,F
4920,175,D
2443,33,A
2353,87,A+
643,135,B+
2284,103,B-
977,104,C-
1413,184,A
3763,127,B-
1026,187,B+
3581,45,D
1415,73,A+
3511,142,A
4275,13,D
3172,58,F
2115,181,B
3754,85,C
637,23,C-
94,45,A
127,200,D
2380,95,C
3143,183,F
2471,73,C+
17,140,C
3635,113,A-
1640,105,D
4756,27,B
2598,83,C+
3793,167,A
2757,167,B
1330,50,B-
1279,129,A-
623,141,B-
3771,108,A+
1602,73,D
2506,102,C+
624,83,C+
1450,162,D
2882,119,B
3874,73,B+
3834,17,A-
3425,158,A+
2208,167,A+
4408,182,C
3267,175,B
2656,60,C-
1704,67,A
3752,8,B
3407,20,F
738,188,A+
3715,114,B
1227,111,B
3247,122,B
571,122,D
3306,31,C-
2847,59,D
260,117,C
811,115,C+
4733,177,D
1988,74,C+
417,85,A-
1921,39,A-
1125,124,A
377,49,A
1615,131,F
3889,32,A-
888,105,B-
3037,75,A-
4468,132,B-
3878,24,A+
4794,85,A+
700,131,B-
1511,101,F
2963,114,C
3729,187,F
4089,174,C
3247,174,C+
2219,69,D
647,75,A+
1039,51,A
2531,164,C+
626,133,A-
3878,26,B+
4986,180,B
204,42,A
4723,157,D
4096,160,B-
2048,125,B+
809,45,F
3531,128,D
2430,95,C+
631,45,A+
1346,128,D
4321,175,A
3383,13,B-
4973,101,A
2379,1,B
3960,193,C-
999,10,F
4648,109,A-
1510,56,C+
1219,164,A+
1483,41,C-
4981,35,C+
3865,198,F
343,171,B+
16,10,C-
3002,117,A-
4409,150,C
2736,152,A+
2533,194,A+
3133,140,C-
1221,199,D
3991,164,B-
2029,75,B+
4450,82,B
1110,100,C
3767,150,C-
172,76,B+
847,153,A+
1785,64,C
2162,183,C+
3317,129,A-
4835,3,B
2402,96,A+
628,118,A+
583,3,C+
2570,175,A-
2108,81,B
2631,14,C+
4955,164,A-
414,102,A
3669,122,B
4701,35,A
639,144,A+
3049,114,B-
1478,74,B-
1661,94,F
2585,199,A+
3653,176,C-
4132,97,C
166,56,C+
1173,101,D
2086,35,B
1489,197,A
2056,163,C+
120,114,C+
4295,128,C-
3202,192,C
4642,107,A-
1340,117,F
4637,157,F
4548,36,C-
3214,166,A
324,20,B+
2381,163,C+
993,181,C
4563,67,A+
437,62,B
2089,49,C
4778,184,F
2028,116,B
4257,2,C+
4011,67,C+
3518,148,D
3152,64,C+
2078,99,D
1594,179,A-
4595,92,A
1271,80,A+
3134,102,C
1301,121,B
1822,101,A
7,56,C+
4065,117,A-
4462,153,A-
2495,144,C
3831,132,A-
2773,131,C
4709,109,A
4493,97,A-
611,9,B
1675,113,A
4618,55,B
666,177,F
3292,189,B-
3737,81,C
4998,116,B-
3526,19,C-
3872,156,A+
4551,151,A+
2909,169,C
4749,4,F
4915,183,B-
3279,47,F
271,89,C
3862,147,F
3167,12,A-
2542,119,B+
3989,99,D
3628,56,B-
4459,128,C+
408,91,A
4499,109,A
1443,42,A+
1456,50,A+
3666,121,C
1469,122,B-
1187,57,D
1786,138,B-
658,180,A+
946,15,A-
4307,38,B-
4699,200,D
4458,112,B-
3354,162,D
388,68,C
3689,133,B+
656,113,F
4647,47,A+
724,154,B
2768,53,F
175,162,B
1166,142,A+
1816,122,A
1972,81,A+
654,123,F
4115,140,D
2923,103,F
4410,73,A+
719,78,C+
1729,157,C-
4498,38,B-
4031,183,C-
157,71,B-
2796,141,D
3710,11,B
3013,63,B+
3979,38,C+
1198,11,A
4759,53,A-
329,151,C
1195,183,C-
3261,59,F
4552,48,F
1965,99,B+
3825,73,B-
2403,89,A-
3967,11,B+
137,102,B+
3138,199,A-
1574,113,B
3825,130,C-
3253,3,A
4421,72,C-
3222,131,C-
1567,162,A-
4957,98,A+
4815,79,C-
3578,135,F
3838,107,B
2867,134,F
415,62,F
928,133,C+
2710,82,C+
4863,76,A-
3341,135,A
4189,144,C-
2769,190,B+
2555,132,A
533,83,F
3293,179,C+
1146,105,C+
1948,175,A-
1256,85,B-
3207,50,F
4783,79,F
3915,156,D
4250,49,D
1287,106,A
4530,45,F
3276,94,B
2,90,B-
1728,144,B
763,173,C+
4710,39,C-
1389,177,F
4466,96,F
4180,29,B
2901,89,C-
4848,8,C-
1806,92,C
3552,188,B-
1811,92,C
1501,22,C
3428,96,C
3111,38,C+
964,49,F
2599,69,B+
2654,147,A-
699,170,B
2667,111,B
269,29,B+
4995,65,C-
3100,25,F
1041,180,B+
4505,61,A
2358,58,C-
1748,69,C+
4521,182,B-
1191,85,A-
1254,37,A+
3850,10,B-
3507,53,B+
2798,147,F
4681,54,A-
1280,30,C-
902,170,A-
757,114,B+
1649,3,C+
2781,61,F
2935,190,B-
1599,71,A+
3961,125,A-
1365,37,D
4260,103,C
4223,134,A+
3267,117,C-
4788,163,C
2899,6,C
1869,27,D
1431,108,A
63,145,F
195,60,C
4831,50,F
1031,128,A-
4960,127,F
2331,145,C+
929,169,C-
1705,34,A+
1444,114,B-
3579,11,C
4768,57,F
1052,5,A+
3328,154,C-
1459,158,B+
3426,156,D
2755,37,C+
1555,183,B-
4989,88,F
2408,56,B
3306,114,A
2199,14,F
3058,86,A-
3936,39,B-
2648,22,C+
2370,86,D
258,95,D
1502,84,C-
4297,42,B+
10,45,A+
1999,21,A+
2064,161,D
4220,32,C-
327,47,B-
846,156,F
1209,21,B-
715,14,A+
3097,131,C
940,175,A-
4481,49,B-
367,75,B
4257,13,B
2723,198,C+
2202,33,B-
4910,110,C+
246,101,B-
3520,187,A-
183,179,B-
900,198,A-
1137,193,B
2904,102,D
4187,76,B+
3786,125,C
1325,158,B-
27,146,C+
2635,101,A+
1072,121,A
2277,58,A-
3252,152,A
4441,41,B
4771,143,A
1542,48,C-
2367,92,A
3794,101,B+
1801,175,B-
517,44,A+
3766,188,C
4603,23,B
4814,116,C-
3139,139,A-
50,163,B
2920,153,B
3738,8,C-
3741,160,A-
1443,141,A
892,35,C-
3722,49,C-
733,178,A+
2676,33,F
2804,160,C-
111,98,C-
2059,106,B+
3908,185,A+
139,5,C-
3757,119,F
4489,25,D
4969,144,B+
1698,41,B-
1641,138,D
1695,63,F
4480,24,A
3843,56,B-
3454,118,B-
3522,193,F
718,35,C-
1958,37,C-
4172,102,F
4287,179,C
570,132,C
1491,69,B
3546,139,F
3611,125,C
336,170,A+
3493,116,B-
2278,23,C
3958,110,A+
3759,76,B+
2215,22,B+
3694,183,A+
1740,126,D
323,132,C-
3542,46,F
324,36,C
4578,168,C
4043,25,B+
4057,131,C-
4001,54,D
4594,187,C
3711,138,B
925,72,D
2569,26,A+
1248,141,A
1082,112,C-
2084,84,C-
4761,117,D
2360,183,D
6,76,B-
4081,111,B-
2627,103,A+
990,56,B-
2608,164,C-
3794,118,A+
1536,9,B
109,95,C+
3824,129,B+
1032,74,B
3939,36,B-
4509,120,B+
2364,191,C+
1880,166,B-
452,136,D
716,36,D
2442,50,A-
4942,145,B+
3686,4,B-
3315,155,D
517,23,A-
1618,180,C+
3429,26,D
2121,131,A-
1513,131,C-
3529,31,A
4560,163,A
675,30,A+
3020,175,C
2321,141,B+
1690,43,A-
846,109,D
582,71,B
1644,97,A
3240,2,D
2777,19,C-
3729,47,B+
2879,61,F
473,134,B+
4886,66,D
849,112,A-
2312,54,A-
1981,121,F
369,176,C
79,187,A
233,154,A
1262,41,F
25,196,D
3726,17,A+
19,114,A
1199,28,B-
3369,104,B-
2411,93,A
1067,18,B
2778,47,A-
3133,27,A+
519,49,A+
298,69,A-
3682,169,C
3579,160,B
108,192,A-
3962,20,C
2373,73,C
411,95,C
1334,158,A-
2909,21,B+
4881,92,A-
3179,78,B-
979,46,A-
3745,122,C
2828,5,B+
4130,125,B
1897,117,C-
675,139,F
197,181,A-
1409,124,B
304,94,B+
3874,31,F
2059,43,F
3479,46,F
516,157,A
1288,195,C+
4971,138,C
1052,184,A-
769,19,C+
3569,70,A+
2443,199,A
3866,199,B
861,179,C+
1320,91,B+
1000,10,F
1101,93,F
333,10,A+
603,120,C
236,60,F
3343,96,B
3678,6,A
4616,149,C-
1722,149,B
3719,70,A-
2296,56,F
2801,152,D
4452,20,C-
1794,1,C
3740,52,C+
3326,123,C-
4677,27,C-
4220,136,C
2654,100,B
3441,50,A-
1271,20,B-
3407,102,A+
1498,56,A
2830,172,C+
2990,28,A
2844,174,A
3356,103,C+
3970,119,A-
4612,138,D
3915,159,A-
4887,50,A-
3628,1,B
590,67,C+
2831,17,B
4459,81,C
3611,14,C+
3709,45,B
3788,14,A+
4696,153,F
3880,167,A-
2596,41,B
384,151,A+
736,127,B-
620,156,B+
2763,83,D
2370,38,F
3117,26,D
4453,104,B
39,109,D
773,48,C
4208,85,A+
2423,23,A+
4158,53,C-
418,58,C+
146,20,C+
1848,172,C-
652,48,D
2894,121,D
4930,119,F
4298,100,B
2086,111,C
4911,120,F
2661,84,C+
4057,102,C+
810,171,F
4206,89,D
3606,57,C-
4825,159,C
3085,164,D
1132,102,A+
1184,101,A+
3074,139,C+
14,81,A
2549,69,C+
3853,81,C+
2455,177,A
2343,9,A-
3260,10,A-
1120,31,A-
3666,80,C
2831,31,D
1651,7,C-
116,151,A
4006,94,B+
3744,87,B-
3195,148,A-
128,115,A-
663,14,A
3630,53,B-
2430,148,B-
418,103,A
907,26,B-
3759,200,C
3192,123,A
2077,150,F
2689,193,C
185,28,C
4039,90,B+
1054,35,A+
219,197,C
200,37,B
2098,101,F
1999,9,B-
3400,29,B-
1445,70,B-
4315,180,B
1137,122,C-
1988,177,A+
1990,91,B+
60,48,A-
3426,149,D
1329,61,F
1355,107,C+
1150,110,F
1412,20,C+
4956,105,C
1290,60,A+
1540,178,B-
591,161,C-
3421,123,A-
2796,69,D
2461,69,A-
652,174,B
4150,188,A
444,6,C+
1178,67,A
3869,66,D
4164,131,C
4382,161,A
79,92,B
414,65,A-
4757,59,B+
1991,142,A
4105,192,B-
1329,62,F
3635,133,B
1155,56,F
4173,88,B+
3390,144,A+
2637,145,A+
976,94,B
847,56,D
3088,138,C+
3491,55,A
3242,176,C-
1312,79,B
411,197,B
1536,48,B-
3022,6,D
4916,34,B-
1910,172,C-
4086,116,C-
4938,128,A-
1696,71,C
455,56,A-
2576,190,B-
1546,170,C-
1798,123,C-
1374,73,A-
991,123,A-
4477,33,F
1136,187,A+
1000,185,C-
1286,184,C-
2861,88,C+
92,180,D
4651,147,B
2003,135,A
765,160,A
3063,101,D
2445,75,C+
4176,42,B
2806,196,C-
3660,102,B+
4703,44,A
3209,56,C-
2584,138,C
4554,183,D
1957,77,C
1412,115,D
3781,79,B-
90,186,C
1835,151,D
4181,102,B-
119,20,D
4755,143,D
1272,40,B
3094,181,C
2980,29,A+
3214,175,C-
4407,9,A
174,138,B+
3543,54,B+
331,125,C
2295,17,A
2534,64,B-
4419,94,C+
173,134,A
1216,140,F
3480,182,B
190,72,A
2146,153,C-
769,87,B-
707,179,A-
183,167,A-
4941,147,D
2315,116,A+
3175,191,A+
338,118,D
3938,182,D
1132,24,F
339,68,C-
4873,72,A+
1683,123,F
1642,156,A-
3220,93,F
2277,189,A+
4659,64,B
2903,38,C-
1169,26,A+
1451,158,A-
650,106,C
576,46,B+
1895,74,B
2507,144,A+
398,187,C-
3616,164,C-
1213,5,C
4406,179,C
590,139,A+
2282,199,A
3065,117,C
2636,67,A+
3535,166,C
4593,177,C
1631,79,C
2946,150,A-
3560,23,F
1232,117,F
2718,54,C+
1670,107,B-
2188,66,A+
2030,17,B
2097,24,A-
7,62,B-
3198,55,A+
4979,137,A
3629,69,C
3704,150,A-
2179,158,A
1104,166,B
1206,16,B+
3174,2,A-
957,109,F
4055,126,A
1969,14,D
2293,72,B
4259,39,C
484,9,B
3818,27,C-
2590,127,C
823,118,C-
1031,70,A-
415,16,F
4853,132,B
4344,67,A-
2539,28,B
2384,21,F
2343,69,D
2699,83,F
394,196,A+
36,100,B-
2899,85,B-
1832,59,C-
2542,149,B
300,115,F
3272,132,A
1069,179,C+
3440,172,D
2805,149,C
3512,150,B-
1162,61,D
3706,143,C
1589,99,B
755,57,B
336,199,F
1367,100,C+
4256,124,C+
1604,133,C+
2972,34,C
555,10,F
1677,10,B
3333,135,B+
1282,24,C
374,147,C+
4688,130,C+
1555,173,C-
647,60,A-
2168,68,C-
2538,92,A+
2720,43,A+
2632,75,A
1843,195,A
4557,86,F
3163,158,B-
2972,166,B+
433,73,B
2299,150,C+
353,9,B-
1078,152,A
4299,140,F
3181,42,C-
4362,193,D
2525,35,D
461,28,B+
3955,97,D
3938,25,A-
1991,87,C
4876,93,B+
1338,127,A
411,67,B
1914,94,C+
4837,62,A-
8,157,B-
2522,115,B-
4385,129,C+
4705,169,A+
1229,185,C+
1417,195,B-
1569,79,B
2841,37,C+
627,28,B-
200,185,A+
4123,97,B-
1509,95,C
3624,120,B-
2268,89,F
838,35,A+
3860,138,C+
3650,158,C+
2049,190,C
2611,115,A+
4295,104,A-
4249,144,C
3696,160,B-
1473,53,C+
1826,87,B
4730,129,A+
3062,7,A
1266,185,A-
4423,77,B-
3716,27,A+
3352,45,C-
748,110,A-
1351,92,A+
2912,92,C-
4751,83,B-
992,78,B
3811,147,C-
4151,9,A+
4653,10,C+
1100,74,A-
3869,68,B
4600,63,C+
2213,145,A-
177,14,B
3352,64,B
866,116,C-
2515,32,A+
2654,66,A+
3986,144,F
443,36,F
4274,119,D
4875,59,A-
1462,154,B-
3200,132,B-
4519,70,A
3036,102,B
324,54,A
4146,71,A+
308,71,B+
4492,121,B-
4878,135,C+
31,176,B+
2772,114,B
4743,139,C-
3127,125,C-
850,136,C
4508,58,C+
3761,63,B
910,98,B+
4079,26,B
3543,143,C+
4324,109,A-
2503,121,B-
2550,39,B
1847,132,D
720,195,F
428,68,F
2709,108,C
4904,37,C+
4231,97,C-
2149,159,A-
2579,113,C-
2170,25,F
4749,137,F
3902,86,B
4341,12,B+
1201,41,F
450,177,C
3662,70,C+
2219,4,B-
2920,7,D
4381,32,F
4048,26,B-
3412,80,B
1012,157,D
4025,78,D
4629,60,C-
4361,97,B+
4700,61,A
1194,89,A+
4499,150,B+
3105,39,C+
658,33,A
3690,89,A
3469,179,F
2007,178,C-
836,117,B
4085,152,B
288,3,C-
54,82,F
292,193,C+
1500,199,B
4799,78,B
3819,172,D
2095,153,B-
152,94,B-
200,163,B+
1319,135,A-
2244,196,D
1038,81,A
3707,86,A
2236,132,A
701,165,B+
3989,166,C-
4286,27,B-
2596,62,A
843,47,A+
4884,93,C-
246,145,F
4499,133,B
4215,86,B-
76,198,A
4682,119,B+
2462,125,A+
3475,74,D
2105,12,C-
1138,45,C
4637,50,C+
2708,48,B
3158,29,C+
2546,166,C+
2595,152,F
3912,1,B+
3041,143,C-
1534,161,B-
4315,193,A
1071,156,B-
456,110,F
706,191,B+
3162,62,A+
712,107,D
3581,84,A
1142,179,B+
2453,145,D
3235,74,C
4177,14,A+
1575,116,B
4611,161,A
3511,146,D
3467,173,A
992,54,C
3068,130,D
4022,161,F
760,39,C
1220,7,A-
3842,145,B
21,6,A+
531,9,A
729,195,B-
3987,104,B
93,199,C+
4675,79,A-
3312,161,B-
2149,168,C-
635,164,C
2430,193,A+
2805,197,B-
130,117,A-
2044,149,B+
3731,194,B-
4842,21,A-
4908,108,B+
4976,21,B
3075,109,A-
4172,95,C+
2041,26,F
502,3,C-
4488,121,B+
1161,50,B+
1094,1,B-
2206,110,B-
3359,90,F
1395,94,A+
1279,186,A-
627,148,D
4074,113,A+
4471,60,A-
3314,43,B-
1326,148,F
4875,74,C+
2663,115,C-
3023,135,C+
3266,124,B+
2712,92,A-
3014,83,A
2825,91,C-
4622,82,B
2219,60,A
2553,16,C-
3203,118,A+
3695,138,B-
3372,184,B-
2718,191,A-
3222,33,D
2987,28,B
4871,75,B
1360,189,C
3459,189,A
2230,101,B
2878,162,A
2896,168,B
3724,97,F
3335,117,F
1432,104,A-
2450,66,A-
2083,154,A
675,68,C
4971,162,A
2304,52,A-
4204,173,C+
3546,3,F
131,21,B
3760,195,C+
672,77,A+
4535,181,C
541,93,C-
895,145,B-
2512,34,B
3848,7,B-
3091,134,C+
4141,117,A-
2706,1,A+
1585,183,B
1350,95,A
299,146,D
2721,83,B+
4127,122,B-
2943,45,A-
1728,98,B+
1095,34,B+
4830,148,B
920,24,B-
2372,45,C+
4809,178,A+
2405,9,A
3355,100,B+
2453,72,A-
271,104,C-
951,105,C+
1263,155,A
2542,193,B+
1126,64,A+
2022,120,D
4776,87,F
1486,87,C
2091,122,B
2008,51,C
2982,1,C-
2708,152,D
1070,102,A-
4945,41,F
4068,54,B
810,114,C+
3845,199,C-
3866,55,B-
4744,18,F
849,178,A
1621,85,A+
3825,175,C-
1046,114,A
283,150,B
3120,138,A
4872,151,F
2895,154,B
4610,195,B-
3910,49,B
1242,194,B
1007,78,D
46,159,B
2945,177,B
3912,66,D
3841,58,B+
10,82,B+
1760,125,F
951,74,B
1572,170,C-
3743,89,B
2431,156,A-
356,152,B-
2493,196,A-
381,19,C+
1659,178,A+
388,192,D
218,87,B-
3374,45,B-
1529,59,A
1204,22,A-
85,133,B+
395,174,A-
3357,146,B
3657,135,A
4130,1,B-
3281,116,A+
159,99,B
2782,116,C-
1939,162,C-
4234,49,A-
4047,53,C+
512,77,C+
2333,18,B+
1192,77,B
1302,32,C
3808,92,A
312,182,C
3833,61,B+
1392,111,C-
565,95,C-
4816,149,A
1638,10,A+
1103,59,F
98,143,B+
4259,160,A
4543,162,C-
2699,188,B+
1175,26,C
467,139,D
4805,52,B+
3657,141,D
2643,2,D
3121,13,B
934,166,C
258,121,C
4528,3,C+
67,39,A
2811,130,A
848,87,A+
2928,54,A-
1484,95,B+
3774,134,B
40,2,B
1937,129,B-
2518,29,C+
3562,190,C+
71,73,B-
1613,125,B+
1411,106,B-
1161,165,C+
3474,187,C+
3849,114,A
3975,162,B
1341,13,A
3913,14,C+
4711,112,C-
3439,145,B-
1227,109,B+
1865,129,C
4298,77,B
1392,178,A
4884,59,D
3151,125,C+
3557,45,B
293,152,D
3045,188,A
2356,84,C+
2238,25,A+
1221,93,F
2203,55,A-
4030,45,F
788,118,F
3028,130,F
3401,172,C
3304,148,F
1165,147,A+
1264,128,C
1319,8,B
2127,20,B
4052,125,C-
3840,28,C+
2146,99,B
1518,43,B
677,158,A+
2584,110,B
3556,120,A-
4094,177,C
3803,178,B+
1347,183,B
1328,61,B-
3166,131,A-
1240,155,A
194,159,B
1717,11,C
3042,35,B+
3704,175,B
2848,123,A-
462,124,C-
2477,99,B+
2994,3,C
1972,45,C
283,12,A+
899,158,D
4374,19,A+
3049,26,B+
3552,98,D
1115,169,D
1475,98,A-
4669,20,C
4085,95,F
2275,49,A+
3344,54,B-
4293,190,F
210,86,C
3949,139,C-
2080,164,A-
3888,52,B-
1084,178,B-
3709,191,B
372,76,B-
1879,96,B+
48,184,C-
2686,97,D
428,121,A+
1205,83,B
1681,122,C
2510,38,C-
3170,54,B+
1905,25,D
2391,27,A-
1175,56,A+
4529,139,D
2526,37,C
349,63,C+
4584,97,A+
214,161,A
3384,26,D
3904,127,A
349,147,D
1235,141,C
2648,7,B+
138,26,A+
1131,42,C-
3962,48,A
73,180,F
4872,47,C+
1561,15,A
170,94,C
1179,52,C-
4391,144,D
4559,50,A
3029,187,B
1896,180,A
1312,15,F
3822,139,B
823,70,A
4240,152,D
4876,41,C-
2194,74,C
731,126,C+
4134,22,B+
1309,194,C-
252,100,B-
2358,19,A-
4774,68,A+
3497,59,A-
3390,9,F
1487,76,C
1484,31,B-
75,131,A
4753,200,B
1708,192,B-
3956,128,A+
4988,73,D
866,185,F
860,2,D
3749,95,A-
1303,32,F
3922,65,D
2523,132,A
4334,153,C
768,140,C-
1540,20,A+
2002,80,B-
3655,38,A
799,78,B
757,200,C-
1644,93,A+
3010,155,C
2044,196,C
469,31,A-
2541,157,C-
2059,199,A-
1828,41,F
1463,186,C-
1973,152,A
4787,45,F
4988,191,A
2595,128,B+
1100,141,B-
1809,121,F
599,152,A-
3477,5,B
145,71,B-
4186,31,B+
1165,197,F
2564,198,C-
4212,68,B+
972,130,A
3288,74,B+
1576,96,B-
331,155,B-
3717,19,B-
4047,158,F
4281,173,C-
4444,104,C+
809,112,B-
1552,14,B
2176,156,B
4635,49,A-
2594,97,B
2578,136,B+
1427,49,B
1665,34,B-
1297,53,A-
2772,59,C+
3945,124,C
3808,97,B+
4809,37,A
3243,199,A
4310,122,C-
1787,71,B
4150,82,C+
4372,52,C
4191,145,B
1601,170,C
4514,190,A+
3372,38,B-
449,120,D
2514,9,A-
1046,56,A+
4340,44,F
4449,77,B
2003,173,B
4544,98,C+
1338,123,A+
2564,35,F
3378,86,A-
3471,94,A+
2107,139,F
3029,128,D
4270,51,A+
1749,85,A
1982,14,A-
3972,74,A+
332,120,C
2256,133,F
3413,43,C
2797,200,B-
1820,25,A-
4832,75,A+
2757,66,C+
190,85,C-
4217,87,F
2794,99,A+
3394,90,A+
4779,60,B
1324,43,F
1157,108,C+
3547,156,B+
3046,5,F
340,182,D
3735,5,C-
1228,82,B-
3721,82,A-
3258,142,F
3529,130,C
1340,130,A+
1530,121,D
2746,48,B-
3211,109,A
1739,103,C+
3302,119,A
3477,69,B
2348,103,C
1799,79,C+
2788,112,C+
2141,148,B
1308,147,D
4887,182,C
1374,82,C
4206,14,C-
502,80,B+
4768,8,B-
558,106,C+
2914,191,A+
3611,90,C+
4232,20,D
312,110,B
2097,148,A-
3849,138,C+
2289,102,C-
1130,98,F
4168,145,C
2779,28,C+
4622,174,A+
1937,137,A
538,90,C
2409,140,C-
3842,36,A-
3585,64,A
2561,113,F
4456,72,C
4263,179,F
4683,124,C
4850,69,B
37,46,C-
4788,180,F
3671,140,B
4903,197,A
2384,129,C
1341,84,F
3555,30,A-
2959,71,D
1925,115,F
3942,115,A-
1591,21,A+
2839,14,C-
992,95,C
104,187,C+
1970,7,A
3274,13,C
3009,136,F
1678,69,B
2771,19,C-
776,1,A-
4951,193,C
1111,56,A+
3124,195,A+
1153,145,B-
3865,187,A
2904,75,D
142,31,A+
4620,172,C+
1232,131,F
1993,156,A
167,105,A+
4503,23,B-
3329,14,F
2273,175,A-
2038,58,A-
311,8,A+
1799,149,B-
3142,101,A-
1962,49,A-
4124,176,C
194,59,D
482,149,C
195,76,C-
1044,199,D
4846,15,C-
3185,158,C+
1881,48,F
1142,34,B
677,116,A-
4999,46,B+
766,123,C-
67,191,F
460,24,B+
4539,176,B
106,126,C
589,164,C
1633,123,A-
81,59,F
3310,2,A-
149,99,C+
4482,112,C-
4414,64,C+
4421,148,C+
2388,119,F
4037,177,B-
2605,131,A-
2151,30,A-
992,155,F
2035,27,A-
462,90,B
2298,61,B
2284,65,A+
813,37,B
4064,90,F
4468,34,C+
3400,172,C+
1494,2,A+
3032,163,D
4415,12,C+
707,11,D
2786,67,B
4097,165,F
3868,178,F
466,93,A+
2890,194,B
1359,139,F
2410,134,A+
2796,162,A-
4920,100,F
4995,124,F
3060,35,B
4103,62,A
2661,128,C-
2128,42,A-
3756,151,A
1925,17,A+
777,165,A
3645,120,B+
3964,194,A+
3766,116,B-
4948,185,D
4821,66,D
1738,147,C+
1112,159,C
553,23,A
4410,81,B
4917,131,F
21,138,C+
3504,6,B+
792,39,C+
2313,161,B
2260,72,A
4150,99,B+
3042,110,C-
2975,137,B
4671,57,B
801,200,F
61,7,F
4693,181,C
2801,52,B
4279,65,C-
3366,67,A
1249,170,C
3428,55,B
1728,85,B+
4576,123,C-
2210,82,A-
2725,54,C
1929,178,B-
3252,67,A-
2771,36,B+
1212,177,C
1212,42,D
1714,37,A-
1933,24,B-
487,135,C+
2590,117,C+
2509,69,A-
2612,19,C
1033,122,A-
3189,132,B-
1018,75,A
499,157,D
2001,6,B
3236,149,B+
4608,39,A+
1270,69,D
374,20,B
2287,17,B-
1394,143,B+
2813,166,C+
585,152,B+
1570,139,C
4460,54,B+
4527,66,D
4319,136,A
386,71,A+
457,165,B+
1177,197,C
3294,85,C-
3767,1,A+
3153,112,C+
4970,152,A-
2923,49,F
4106,72,B
3555,39,C
3019,180,A-
4659,104,D
2518,137,C
1465,23,C
3621,14,A-
3130,97,B+
4664,76,A
2803,23,A
3310,122,D
2706,16,B+
731,128,D
941,11,F
2582,15,B+
1820,174,F
1365,108,B-
204,35,C+
4014,141,B-
1490,50,B
3242,124,A
3748,198,C
198,47,B
736,128,B+
3305,152,D
3963,170,A-
1771,36,D
320,191,C+
1075,48,F
3019,136,C
2163,35,A-
2379,41,C
2479,92,F
1578,106,A+
427,109,C-
4465,116,F
2850,119,A
2476,32,A+
2251,82,B
2021,96,C
2398,151,A
4256,114,B-
2561,99,C-
3847,139,B+
1134,177,B-
536,48,C+
2695,38,F
1363,158,A-
2016,172,B
705,67,A-
2014,157,B+
1961,97,B-
2492,118,C-
484,93,C
4454,170,A+
2089,190,D
895,21,C+
3640,64,D
2425,52,C+
3981,45,B+
1483,153,A-
586,181,C
356,111,B
1755,47,B
1071,31,B
554,18,A
824,147,A
2365,129,A
4756,176,A-
2626,200,B
1068,59,F
1408,192,F
3712,57,F
652,189,A
1629,66,B+
3428,76,C-
1269,119,A+
3098,102,A
2468,165,F
1263,23,B-
2373,109,F
3502,198,D
4270,60,D
379,134,C-
1656,99,A-
1552,124,A-
2803,158,C
4338,54,A+
3796,171,A+
4052,106,A+
4185,62,F
1428,141,B-
3300,192,B
826,1,F
4218,80,B+
2904,162,C+
2000,164,C+
2854,82,B+
3647,183,A-
134,113,C-
847,84,A-
2827,118,A-
3850,17,D
4483,9,B
3579,104,A-
481,164,B-
3497,60,C+
837,15,A
4688,157,F
4706,149,B-
3911,92,B
1776,180,B
3104,36,D
214,40,D
4104,72,C
2699,1,D
1555,21,B-
4141,52,C+
1197,5,C
609,25,F
428,61,D
471,188,A+
3410,144,B+
3232,121,A+
3740,111,C+
2604,39,A+
1951,63,F
2526,41,C+
1051,95,C+
1691,173,A+
3745,128,C
3238,127,A+
458,21,C
3392,200,C
276,154,B-
4991,179,B+
3376,92,A
4122,163,D
4219,108,B+
129,100,C-
3063,53,B+
4657,66,B
461,29,A
3618,161,B-
708,90,C
1638,114,B
1677,153,C+
2924,47,B
2369,131,C
3662,34,B
121,83,B-
3767,167,C-
2563,70,C+
1946,154,C+
3226,60,B
4183,107,A+
863,149,B+
2093,88,A+
2904,63,A+
882,79,D
1289,71,B
541,46,D
3809,170,C
1564,115,A-
4369,13,A-
4976,177,B
1512,29,A+
3092,96,B
3004,155,C+
3434,117,C+
646,54,F
4634,192,C-
3004,108,A
4075,173,A
3186,89,B+
102,157,C+
3466,172,B
3159,152,B
4712,31,A-
370,129,C
3001,191,C-
2058,75,A-
1351,150,F
1583,127,D
204,80,F
2954,11,A-
2292,101,C
3752,149,B+
86,10,A-
1273,122,A
348,99,B+
3227,42,C-
4894,9,A-
2651,64,B-
3387,200,F
2118,36,F
1045,81,A-
2115,119,A-
2379,18,B+
933,1,F
3460,59,D
3245,43,B+
2141,9,C
3757,65,B+
3362,109,B
411,20,A
3150,156,B
4842,68,C+
3085,104,F
3173,57,A-
2160,38,B+
220,143,B-
1066,159,C
4297,7,B
4051,103,A
3605,21,B+
2515,56,A+
3315,165,C
1190,142,A-
1229,170,B-
377,100,B-
1670,68,B
1091,77,B
1926,30,C-
455,44,B
3985,46,F
4856,101,A-
4902,164,D
4578,67,A+
3071,132,A+
1913,26,D
971,4,C
2113,193,B+
4437,150,B-
839,162,B
4804,97,C-
4908,166,A
2665,190,C
2443,51,F
3167,147,A
13,12,B+
625,46,C+
840,71,C
402,132,C
259,122,C-
1548,29,A-
1493,139,B
4575,74,B+
2353,79,D
3668,169,B
1838,7,C
1383,157,D
1286,181,B+
2404,193,A-
331,144,C-
3910,77,B+
3367,134,B-
1241,124,B+
2802,5,C
1819,21,C
4459,5,B
697,54,C
4288,84,D
3700,185,C
4368,190,C-
1612,81,B-
1902,67,A-
3443,163,A
1959,164,C-
307,131,D
1866,101,A
245,46,B
4729,108,B-
4696,71,C-
2553,13,A-
1602,176,A
1904,96,C+
3953,87,F
2941,105,D
583,1,B
4034,67,C-
67,129,B-
245,57,B-
1032,122,A-
2244,168,A-
4174,65,C
545,50,D
4101,157,C-
4187,85,B
3369,125,B
4632,33,C-
1946,107,A-
1213,90,A-
3793,169,B
3081,178,B
876,38,D
4401,42,C-
1377,179,B
2561,59,A
2879,83,C+
1088,67,B
948,101,D
3573,169,C-
4949,130,B-
2842,168,B-
1298,105,C+
1304,35,B
3436,107,C+
4682,141,B-
1907,74,C-
2417,157,B
1409,197,D
1566,1,B+
2166,155,C-
850,7,C-
884,152,B+
1573,103,D
3211,177,B-
2988,113,C+
2495,157,A-
2730,161,D
348,14,D
4768,121,B
3098,27,C+
881,188,C+
4607,149,C+
2393,20,A+
2143,119,D
860,79,C-
133,41,F
1497,162,C+
4606,177,A-
1403,47,C
4831,193,A-
47,167,C
3908,19,C-
126,22,B+
4456,106,B
3690,104,D
4920,93,C+
3809,146,C-
468,103,D
2237,94,A-
718,18,C-
3570,3,F
780,85,B
2253,177,F
4165,176,A
2253,105,B+
3359,194,F
2688,93,C
3400,178,B-
2000,119,B
3240,5,A+
2306,13,A
4093,114,A+
173,20,F
4022,167,A
1627,117,B+
2210,58,C
700,141,C
2446,153,C+
4352,2,A+
3254,53,A-
567,3,A+
2613,42,F
3031,170,A
4468,88,C+
1548,32,C+
953,38,A
137,32,A-
2689,86,B+
4581,62,B-
3583,89,B+
2675,172,A+
4173,157,A
4402,101,A-
2584,148,D
3045,192,A
198,119,A
2930,60,F
4838,88,B-
3219,47,C
580,32,B-
4047,175,A+
3116,50,A
1851,130,C-
1934,150,C+
3478,104,B
2944,68,B+
2729,172,B+
788,89,F
1249,24,A-
3864,71,A-
3796,174,C
4044,37,D
2176,162,F
205,136,A-
4408,106,C-
357,170,C+
2415,74,B
1817,17,D
1805,65,A-
2696,183,A
765,122,B-
3185,176,F
1192,90,A+
1737,125,F
414,57,A-
2116,82,B
3457,14,C
4572,88,C+
696,83,C-
1414,85,D
2329,120,C
1878,84,D
3927,139,B
4739,20,C+
2045,35,D
218,111,A+
836,57,A-
3954,70,C
3043,91,A
4616,8,B
2600,149,A-
211,147,B+
484,102,C
4240,100,A+
660,2,A-
2627,92,C
1712,93,A+
414,49,F
2508,142,F
1075,88,B+
972,27,B-
2395,81,B+
644,99,C-
2269,187,C-
4210,67,C+
2310,103,C+
3798,181,C-
733,29,F
528,162,D
2756,58,C+
1971,26,D
1735,116,F
3034,96,F
4371,152,C
3734,155,C+
3490,81,A-
4188,78,A+
1231,55,A+
2909,108,A+
962,22,B
4430,65,A+
4192,42,B-
3776,153,A
3173,121,B+
2864,39,A+
4626,76,F
343,183,C+
3546,171,B-
3040,159,C-
3800,138,C+
2470,93,D
3437,159,C+
366,70,A
2447,103,A-
802,103,D
3667,119,A-
902,116,A
802,197,B-
4990,11,A
4743,132,B+
83,108,C+
4379,200,B-
2300,191,B
1702,144,C+
3777,40,B-
746,150,A
408,99,A-
4233,107,A+
4742,5,B+
3174,171,F
1762,86,D
238,10,B
4601,135,F
445,20,A-
2046,178,A+
2962,73,C
414,109,D
2793,200,C+
4511,79,C-
3427,123,D
1990,122,A-
2080,152,A
4521,77,B-
1592,191,B+
1074,154,A
3713,80,B-
767,146,C+
4652,120,A-
3422,158,C
3592,154,C
358,19,A
2888,53,A
2911,5,C-
3271,2,F
923,195,B+
2914,145,C
1194,26,B+
4084,65,B+
1177,41,B-
4451,151,C
1711,172,C-
395,155,A
2540,135,A-
1542,135,B+
4506,156,C
472,120,B
4813,38,A
811,14,F
17,23,C+
3857,47,A-
2063,121,B-
4475,102,B-
1234,121,B+
2513,39,B
3426,109,A
2281,13,B
780,149,C
213,61,B+
4193,55,A+
719,18,A
411,122,D
4146,30,A+
4779,96,C
3721,75,B
1478,4,B-
4129,54,B+
4210,148,B+
4423,195,C+
3213,95,A+
735,145,A+
257,181,B+
291,116,A
3011,155,A+
4165,166,F
156,142,C
2728,125,A-
3537,71,C
4536,153,B
485,20,B+
2735,30,F
1101,38,C-
2747,143,B-
4703,74,B
3295,125,F
522,145,B
4406,199,A+
1404,181,A
278,17,A+
1413,173,B
3742,177,B+
53,53,A+
3446,79,D
296,92,D
884,164,D
1953,82,C-
4791,185,D
1782,102,A-
2733,47,C
1446,18,A
1628,69,B+
3515,119,D
2033,197,B-
3410,189,A
1012,178,C-
2875,31,C
715,64,C+
383,68,C
1911,42,C+
3018,37,C-
4845,94,C-
1760,117,A+
3191,150,C+
4043,15,C-
3215,5,C-
3151,166,B-
194,147,D
4471,49,F
4862,108,A+
604,16,F
2404,61,A
3093,75,C-
3429,51,D
1088,156,F
4411,183,C
185,102,B-
1773,90,A
1711,117,C
1024,39,B+
2154,20,D
4728,60,A-
4406,75,B
2520,196,A
4857,88,C+
3538,131,D
4925,88,C-
4258,157,B
3302,83,C
3636,150,C
396,77,F
3539,193,A-
4843,186,A-
4639,129,C
1853,34,F
2737,110,C+
2824,87,B+
1118,96,B
466,192,C+
952,59,C-
4159,68,A
2684,14,A+
4328,53,D
325,102,C-
4319,77,B-
4938,75,A
243,165,B-
1296,90,C
4422,134,A+
3690,100,D
1438,165,F
340,7,A-
4018,145,B-
2463,47,F
227,123,A+
2271,71,A-
4710,2,A-
4349,106,C
4656,13,A-
380,120,A-
4107,148,C+
4254,101,A-
4797,17,B+
3079,77,F
360,200,B+
1629,112,B+
3120,75,C-
3334,125,F
4033,170,C-
62,15,F
978,179,B+
3638,93,C+
1040,167,C+
3778,153,F
3868,167,B+
4710,170,B
4615,61,C+
729,30,C+
4771,43,C+
381,47,B
3819,81,F
4448,148,D
2706,21,B+
2744,105,F
911,159,B+
4626,174,A-
3954,86,A-
3598,52,C-
939,75,F
4241,55,B
4650,28,D
48,163,B+
2750,133,A
1730,62,B+
946,150,F
4075,132,A
1040,158,C-
1688,196,C
1758,54,C+
304,124,B
3319,96,C-
4824,17,B+
3276,133,B+
3473,48,A
3506,11,B+
4230,128,C-
4187,14,C+
4944,178,C+
2597,18,B-
46,172,B+
2770,143,B-
441,90,D
4398,189,A
931,118,A
1379,1,B
1132,195,A+
3749,12,A
2191,183,B+
1800,70,C-
966,38,B
4123,109,C
2253,178,B
2251,89,C+
2256,68,B+
596,110,B
1278,7,B+
2648,169,C+
2928,3,C+
333,100,A
2128,199,B+
1706,170,B-
4070,33,B
1967,72,B
203,87,B-
1828,1,B
3223,186,A
3179,24,A-
1869,109,A+
4684,153,C-
1467,35,F
333,186,A+
4323,187,F
1212,109,A+
3556,95,B+
4274,19,B-
1136,113,A
2448,116,B+
1284,146,B+
1685,56,A-
831,158,B+
4680,67,B-
4283,19,D
273,71,F
2475,25,B+
2035,190,A-
2118,188,D
157,76,A
1828,165,B+
1861,97,C+
2165,88,D
2513,40,C-
1575,32,B+
1836,125,D
2982,174,B-
792,109,B+
4706,94,C-
4906,157,A-
129,46,B
1248,37,B+
2395,157,A+
778,68,B+
1504,171,C
2866,134,B
749,116,B+
349,58,C
981,50,C+
1775,54,B+
1264,139,D
1106,82,B
1938,161,B-
511,172,D
3266,91,C+
1507,77,C
465,188,B+
1779,36,A
1768,77,C+
4863,167,A+
2750,1,C-
3148,161,A-
4868,157,C
1877,182,A
3543,93,D
331,177,A+
2426,163,A
1133,192,B
1623,17,C-
3697,161,D
3695,120,F
3911,131,A-
33,177,B-
3378,97,C+
2053,46,B+
4475,146,B+
2976,73,C-
1433,118,B-
3008,51,C
2814,145,C+
1571,165,D
426,5,A+
1166,8,C+
3460,8,C-
4723,52,B+
4446,167,A
2935,179,B-
2649,62,B+
898,29,A+
2577,76,A+
1506,93,A
1291,196,C+
3285,188,D
3641,153,B
56,174,A-
726,103,D
659,54,C+
2896,155,C
3050,17,B
4465,3,C+
3,107,B+
3546,170,A-
608,130,D
3572,152,A+
3572,108,A
1959,126,C-
3054,157,C+
77,3,C+
911,97,B
1971,196,C-
4754,60,C+
3641,178,A-
862,84,F
1508,120,C+
4601,197,A-
1744,116,A-
895,59,F
768,91,A+
4275,2,F
2770,50,C+
2857,93,B-
3125,161,B
345,68,B+
3248,172,B
4436,79,A
1145,74,C
4470,126,F
3938,122,B-
3332,175,C+
1217,123,A
591,120,D
1143,42,B
3192,151,C
4800,108,B-
2679,108,B+
3536,141,A+
4832,104,A+
4525,170,C-
2493,179,D
2234,95,B
4530,151,A-
1231,74,C-
1791,171,F
2771,106,B-
4715,170,F
2449,128,D
3418,196,C-
3017,168,A-
3196,146,A
4015,81,A+
346,1,B
2320,183,B+
1749,139,A+
2699,93,A
2453,84,F
2965,151,A-
938,104,A
2751,29,C-
391,120,F
2780,111,B+
394,28,C
3417,48,F
1102,117,D
352,101,C
765,118,B
3312,127,D
3424,129,C+
1445,112,C
426,58,C-
4175,184,B+
4531,142,C
3005,43,C+
4288,134,F
4389,141,D
1240,173,C+
4332,139,B+
2319,119,C
933,17,A+
966,35,A
3475,28,C-
2040,195,B+
2913,28,C+
3162,93,B+
2613,147,D
4414,69,B
3604,11,C+
983,173,D
601,11,C
4669,196,A+
4926,21,C
2996,184,D
2925,137,C-
1731,150,C-
293,68,B
1465,58,C+
2815,193,B
3067,160,A
1338,51,C+
2324,17,B+
315,197,B
4185,150,F
2131,23,B-
1583,88,A+
1637,188,D
3421,171,B+
4269,52,C-
3450,151,B+
2535,147,A-
3693,95,B
501,57,A
973,132,D
3524,180,C
1829,48,A
1021,77,A+
4873,167,C-
3046,125,A+
1628,51,B-
2853,63,B-
589,115,A-
3828,165,C-
1426,26,A
1038,105,F
4420,94,A+
136,21,A-
4866,71,C-
592,157,A-
4152,10,C+
2235,41,A-
3525,26,A
2599,39,A+
523,119,A
1304,193,B+
1551,186,B-
722,10,A
1788,143,B-
75,160,A-
1442,81,C-
2281,111,A-
4007,106,C-
3593,125,D
3145,67,A-
1963,157,A
1848,185,C
4230,83,A
806,97,C
2845,151,C-
3218,148,A
4607,41,A+
1182,192,D
3370,38,C
2186,51,D
601,197,F
2135,63,A+
3293,10,A
509,179,B
1391,5,B+
1162,27,B-
4065,76,C-
3434,105,A+
2087,153,C
3148,56,A+
1010,5,C
1683,109,B+
672,90,B-
4106,166,A
1041,151,A-
2829,178,B-
3834,14,C+
3146,104,B
3784,174,A+
3867,44,C
4592,41,A-
3990,138,F
3662,68,F
1393,31,C+
776,155,B-
4727,47,C+
1429,129,C
4603,67,B
4582,25,A-
757,128,C
2375,37,B
2418,95,F
507,50,B
774,104,D
1291,54,C
1076,199,A
746,188,D
3702,170,A
4768,64,B-
80,1,A+
205,44,F
2438,156,B
1768,106,B
2190,41,A-
3410,181,C+
1695,161,A+
291,113,C
3988,143,C+
1694,141,C+
2164,15,F
2283,132,C-
3935,78,B-
1855,20,A+
1628,195,A
376,59,B
3059,154,B-
1732,112,C+
1765,112,B
4205,181,A
4514,20,A+
4350,17,A-
2540,159,C
1206,99,C
3774,163,B-
1570,39,F
256,20,C
952,15,A
3554,171,B
37,160,B
2119,102,C+
1787,130,C+
1532,196,A-
4072,58,A-
3553,67,A-
2452,32,C-
2321,165,A+
2273,188,D
4948,116,C
806,136,B+
714,46,C
4493,140,C+
3815,70,A+
3479,98,C
4658,34,F
4758,100,D
1219,5,F
419,11,A-
2923,133,F
1743,35,D
4987,31,A+
3686,134,B
799,180,A+
239,110,A-
611,149,B-
3585,169,C-
1542,164,A+
2092,148,B
4545,173,C-
4465,85,A-
4858,188,B-
4905,14,B+
4359,133,B
4851,196,D
2540,34,D
3502,135,B+
2641,5,A
2118,29,B
2757,193,C+
2309,5,C
355,38,F
3335,56,B
1646,153,A
1982,5,A-
3491,183,A-
4681,49,C-
4886,62,B
3819,40,F
2740,9,B+
4550,162,C
2685,126,D
2445,66,C
197,20,D
947,97,C+
1113,21,A
258,14,A-
562,68,A-
2226,172,A-
4130,25,C
4483,47,C+
890,196,C
3491,118,B+
133,12,F
2434,175,A-
3640,126,A-
702,195,F
4336,176,B+
4237,145,C+
610,191,B-
4095,152,F
956,177,B-
1487,103,C-
87,157,A-
4564,172,B-
2807,48,D
2493,178,B+
2507,4,B-
2952,186,D
1562,150,B
3641,113,C
3434,148,B
851,14,A-
2200,33,A+
454,133,F
2760,92,D
2019,42,F
3355,172,C-
4356,79,A
2618,30,C
3091,6,A+
789,84,A
4909,152,A
1926,175,A+
4194,4,C
3288,200,F
4750,67,B+
2986,155,B-
1076,174,B
4320,112,A+
4197,121,B+
2898,139,C-
1578,10,B
934,99,A
1772,156,C
1065,141,A+
4263,67,A
909,64,B+
1684,74,C+
3624,77,C
4128,108,C-
4680,46,A-
2902,195,A
411,108,A
27,31,B-
1278,137,A+
2136,122,A-
2366,11,C
782,144,F
2921,143,A+
2303,35,B
3656,60,D
2729,99,B
2210,175,B
3251,166,D
2071,90,A
1252,195,B-
4819,167,A-
2957,132,C
4637,163,C+
2704,183,C+
4358,179,B
4182,111,C-
4795,128,B+
3481,52,C+
3639,82,F
2777,199,F
3601,85,B-
820,16,C-
2870,15,A-
473,157,B-
1067,183,C
2067,153,C
3702,55,A+
4432,28,A-
3746,172,C
4815,10,A+
2323,52,F
4897,90,F
419,139,C+
3421,38,C
3451,174,C-
4139,133,B-
962,176,C+
1990,101,B+
4791,166,F
2378,190,C-
4147,110,C
4614,19,F
569,117,C+
3805,136,B-
4725,187,D
4297,148,F
2810,58,B+
3181,79,A+
4107,119,A-
3270,196,C+
3403,200,B+
2448,194,A
3814,73,A
1748,131,C-
2452,60,C
1984,67,B
3960,27,D
1666,188,A
2474,14,B
4535,18,C
4306,56,B
3340,35,B+
1584,193,F
4748,166,C-
1663,158,A
4656,94,A-
4754,74,C
2935,90,B+
2507,78,A-
3702,99,B
4726,154,C+
1075,102,D
4589,175,B+
1601,160,A-
3994,84,A
4857,37,C+
1666,187,A-
3125,4,A
4629,156,B-
3211,115,A
1104,50,C
1634,38,C-
878,86,A
3247,39,A
4077,145,D
3397,76,D
2419,137,C+
4898,133,A+
39,53,F
383,192,B
635,71,A
1808,93,B-
1803,20,B+
4604,106,D
4314,183,B-
2689,161,A+
3936,137,A-
1535,186,D
4682,131,A
2492,185,A-
4197,99,A
4917,107,A-
3942,172,A-
4611,174,B+
3034,48,C-
121,192,D
3397,172,B
2607,118,F
2970,29,A-
233,32,C
4171,65,A-
3182,138,C+
897,51,B-
4347,75,C
3795,159,B
311,117,D
4244,123,A-
4770,56,C
51,116,F
3591,49,F
2091,28,C-
1221,77,B+
1578,84,A-
207,155,C
2701,191,C+
576,150,C
3272,84,A-
861,94,D
3598,184,B-
4583,65,D
1935,51,C+
4625,20,A-
1988,155,B
2989,28,C
234,162,A+
4171,98,D
2239,53,C-
2385,34,A+
2677,71,F
2526,61,F
4536,193,C
4115,178,C
4160,161,A+
1280,109,C-
1264,78,A
196,49,C
1434,172,C-
4800,120,C
3044,105,D
662,83,C+
4953,99,B
382,76,C-
3663,51,A-
3743,55,A-
3547,134,C-
3924,127,A+
2013,118,F
1126,110,B-
204,92,D
1436,69,B-
2732,104,D
3661,49,F
4265,142,A-
2668,43,C-
1668,80,A+
2422,138,A+
2276,57,A+
4381,100,A+
1087,181,D
4044,177,D
798,115,C
3981,146,C-
3100,51,B-
913,88,C-
448,138,C+
721,170,B-
3395,30,B-
1666,7,B+
746,166,C-
4335,116,B+
1411,195,C+
120,190,C-
3695,129,A
519,149,B+
3394,73,B
1578,16,F
3913,58,B-
2261,137,A+
2239,127,C
2490,18,C
2877,101,F
4938,25,B
2401,137,B+
3335,104,B
3449,169,A-
739,143,F
67,117,C+
4482,38,C+
3032,41,F
2661,4,A+
3070,159,B+
4611,132,B
970,8,A-
2007,158,F
4728,100,A-
1522,107,C-
1289,103,C
3956,164,A+
4128,81,C
600,63,F
3976,46,F
1639,19,B
2493,18,D
3523,142,F
3149,132,F
250,75,A
1843,158,C-
2396,38,A
2705,128,A
2427,111,C-
3923,33,A
3106,162,F
3924,168,B-
4140,86,B+
4068,11,C
2632,68,A-
3220,35,F
4334,73,C
4580,135,A
3963,167,C-
4900,27,B-
2788,127,A+
2925,102,B-
565,100,B
2566,196,B-
1935,110,A-
3010,39,C-
333,99,B+
2571,3,C-
3473,59,B
3525,10,B
3203,76,A
3389,86,D
3762,156,A+
178,25,A-
640,150,F
4240,158,F
4618,157,B-
2240,11,D
194,45,A-
1309,126,C-
500,53,F
3722,138,B
3014,85,C
4195,38,C-
200,42,C
4054,52,C
2573,19,C-
4384,158,B
1445,98,D
2536,194,D
4390,67,A+
1978,148,C+
1308,162,C
4802,131,F
3933,132,C
4709,133,C-
1166,54,B
939,118,A-
1671,156,C
53,31,A-
3542,85,C-
1148,48,A-
884,185,C-
2896,85,C+
1468,181,B
384,185,B-
4406,56,C
1005,62,B+
4615,178,A
1204,180,A
4754,55,B+
3364,113,C
452,102,C-
3611,184,A-
2015,174,C+
1679,197,A
1868,72,B+
2434,122,B
4965,88,D
3497,50,A-
3707,172,C
3595,97,B
1535,192,C+
4780,21,B-
1033,95,C-
1291,176,C+
2000,99,C+
544,163,D
2822,198,C
2475,150,D
471,1,B+
376,186,B+
1883,111,B+
3221,26,A-
3449,86,C+
2897,122,A
4725,83,C
4325,150,D
3893,185,C
2874,125,A+
3529,103,C-
4993,125,C-
3719,1,A
1064,176,C+
1785,82,B+
201,89,F
1440,24,B+
2213,198,F
1218,170,D
635,168,B+
907,47,B+
4247,118,B+
2309,2,C
197,121,B-
2176,121,A-
809,101,C-
3648,35,F
2769,153,A+
3930,159,B-
2690,117,F
3525,130,C+
3919,109,C+
677,36,F
1467,60,C+
2627,164,D
4889,4,A-
986,45,C
2169,173,A
252,15,A+
1738,145,A
2368,99,A
1243,137,C+
3177,120,B+
2400,138,A+
1995,126,C+
883,80,B+
4981,175,B-
788,163,B+
3046,2,C
4379,20,F
373,11,A+
4343,125,D
2562,23,C
3897,117,B
1949,82,C-
802,187,A
230,191,A-
1442,37,B
127,74,B
3203,146,B+
296,115,A-
2085,186,B-
1611,133,C+
4787,191,A
4978,139,C+
1393,27,C+
1079,110,C-
3012,107,D
4031,111,C+
2612,72,B
2736,20,A
919,105,C+
1717,54,B-
1630,74,C+
549,148,C
1205,178,C+
3632,86,B
1794,81,A-
4209,140,A+
837,174,A
3270,184,B-
4085,23,B-
3275,95,C+
749,156,B+
2093,33,C-
4759,116,C+
2370,154,B
1528,13,B-
960,169,A+
1225,31,A
472,87,B+
1764,189,B-
1299,131,F
4697,197,A+
400,79,C+
1362,27,F
195,157,C+
2358,194,A-
2420,96,A-
1388,114,A-
2737,97,C-
1182,153,B-
4865,2,B-
427,181,A-
121,28,F
3030,163,B
2524,98,B+
3598,131,B
2641,3,B-
152,188,B-
1933,56,B-
4128,76,A+
2536,47,C+
1899,174,F
106,130,C
4656,135,B
3416,107,A
2999,140,C-
4280,75,A
2387,33,A-
4398,166,A
4003,85,B+
3621,35,A
3684,15,C+
4517,1,B-
1246,170,B-
4849,169,B+
2355,136,B-
3302,124,B
3294,170,C
1936,23,C+
4368,122,B
2773,185,C
3849,193,D
3009,190,A
2964,200,B
4615,73,A-
1908,69,F
353,86,A-
3128,137,C+
763,11,C-
944,25,D
2659,189,C
4060,16,B-
1882,153,F
4632,185,B+
3000,130,B+
3765,150,C-
162,58,B+
2697,172,B-
3995,195,B+
2002,55,A-
902,122,F
2956,111,D
930,2,C+
1586,14,C-
786,146,A-
3463,181,A
59,115,A-
2110,37,C
2274,172,C
2766,76,C+
2759,192,B-
3195,25,D
4600,46,C
3087,153,F
2277,50,B
1164,195,D
1504,61,B+
705,101,B
1506,53,D
3310,111,B+
482,185,C-
4391,108,C+
2762,55,B-
473,200,B-
523,147,B+
4218,72,B+
2598,60,D
3032,66,F
2883,157,A
3425,133,D
2767,128,C+
1595,27,B-
688,1,B
2983,52,C+
3332,112,D
4783,195,B-
558,11,B+
4457,9,C
1905,169,D
3115,154,A+
4775,91,B+
1543,56,A+
3560,6,C-
3350,184,C+
407,178,B+
3809,127,A
4692,59,B-
4978,1,D
2311,47,B-
2071,140,F
2669,83,D
1780,121,D
4654,13,C+
2802,93,C-
4280,179,C+
3658,25,C+
4403,98,B-
2169,13,C+
2228,45,B+
2712,12,B-
4983,115,D
631,1,A
1379,76,B-
4470,17,C
3534,26,A-
1600,33,A-
963,80,D
3847,167,C+
2647,43,C-
2924,127,A-
3941,49,B-
377,160,C+
4861,54,C-
2964,60,F
1905,148,A+
2143,43,A
1017,5,B
1323,116,A-
336,113,A-
3471,9,B+
2128,18,B+
17,42,B
1946,199,A
4030,107,B-
4419,120,B-
1990,81,F
3240,182,C+
4632,59,B-
3442,185,B
2700,169,B+
2541,186,D
2169,44,F
2093,147,C+
3786,16,A+
3676,156,F
3673,8,D
28,63,D
4230,95,B+
1945,82,D
899,62,A
4501,45,B+
1546,93,C-
113,144,D
682,184,C-
231,194,A
325,8,A+
1115,106,B
2873,117,A
2848,21,F
1160,166,A+
1792,188,C+
2757,99,A-
3629,170,D
4969,49,C
3984,74,C+
2193,174,A+
1902,91,B
229,168,B-
4215,78,A-
1292,39,B+
1650,133,C-
2100,140,A
4927,161,B-
4611,34,F
3673,60,A-
1527,26,B
264,83,C
3981,182,A
831,62,A+
3554,22,C+
1664,111,A-
4295,99,B-
3441,125,A-
2126,188,F
4541,1,A+
970,164,D
246,38,A-
1987,74,F
2142,175,A-
4718,84,F
2253,132,C-
2526,120,B-
2406,86,D
3662,103,A-
3601,42,B-
3128,48,A
26,30,A-
2939,163,D
632,19,D
9,132,A+
3084,64,B
882,60,B-
4238,92,C-
40,20,D
1492,169,C-
1272,2,A+
4510,58,B+
4028,41,C
2,186,B-
1672,64,B
2179,134,D
1106,166,B+
243,24,C
3734,114,C
4144,123,F
340,84,C-
2668,184,D
3331,119,A+
523,52,D
4922,132,F
1314,146,D
4617,126,A+
4797,60,C+
1596,65,A
164,119,A
3635,146,B+
2659,138,D
6,18,C+
4827,199,A+
226,115,C
4234,91,C-
27,75,B-
285,60,A-
3035,110,A-
1891,65,C+
3266,119,C
4075,143,A+
4782,4,C+
2326,189,C
1963,132,B-
922,150,A
1207,53,A
3057,131,A
3183,109,D
4108,94,D
4231,60,D
1499,198,B+
4385,54,F
1782,68,C
1825,83,D
2415,98,C
4996,169,B-
255,77,F
2816,193,C
2274,69,A+
734,22,C-
4204,73,D
2740,145,A-
1402,113,C+
369,81,A
4717,76,B-
4307,96,F
3725,30,B
4450,29,B-
1395,95,C+
4451,18,B
1592,130,B+
1125,57,D
2021,134,B-
1801,63,A-
3088,30,F
2446,70,B
2712,129,B-
518,36,C
281,92,A
2772,121,B-
1241,190,C
3860,161,B
99,170,A
1940,197,D
544,143,B
