student_id,instructor_id
4675,14
4028,82
4055,399
4243,285
1280,112
137,426
2598,257
1707,431
742,237
4087,249
3203,374
2899,412
2214,257
4025,241
913,235
187,67
1099,49
246,116
1551,394
4454,456
2454,208
4015,410
3984,472
4201,353
1784,485
219,443
4654,311
3261,130
847,233
1757,190
1601,165
1418,404
4255,270
1956,33
963,302
1320,292
3494,244
4514,21
4755,190
3345,234
10,424
3946,389
1539,332
523,129
714,439
3329,498
4370,24
4328,72
86,165
519,498
1093,209
2835,130
4118,440
2483,483
4662,29
3347,296
3687,175
3555,93
797,395
1361,435
783,90
2756,29
2338,413
267,295
1019,114
4000,129
3940,370
3855,138
888,394
1345,479
3138,32
4132,185
631,99
250,332
1107,371
3098,451
3176,478
74,222
2191,375
854,287
2875,12
701,338
3927,448
794,370
2899,210
3162,479
872,253
2342,86
2592,424
4765,169
3939,21
3653,312
588,250
3770,451
194,490
1894,373
158,65
1463,114
3456,61
3238,87
680,149
4792,271
1557,65
1383,219
1860,260
4709,215
3029,92
2270,499
4943,50
1267,316
444,20
4907,492
4501,321
220,390
1840,244
3562,187
837,219
1986,82
4984,78
3499,205
2324,465
979,195
4650,223
4277,425
3031,243
2805,311
2561,62
2352,114
2526,54
767,414
4408,182
1842,338
748,367
2521,210
2382,336
3467,338
271,466
726,233
1031,381
3019,84
2683,219
3734,229
3020,58
3464,407
3814,120
1249,277
1116,51
3880,484
1318,230
32,211
1112,144
3681,48
3132,418
2317,131
4110,398
4089,15
3172,237
4536,341
853,345
3767,138
3462,346
4879,327
3314,330
3038,145
2996,252
2843,495
1759,196
1572,107
4784,412
1972,435
4023,381
3689,22
2562,300
2254,336
1774,39
4470,240
2833,261
2875,98
3414,110
4870,47
2768,297
2379,247
4760,373
379,62
4789,288
3972,425
821,498
4487,477
2036,94
2242,84
3389,367
4858,229
409,268
4386,364
1605,412
4399,117
4472,314
3901,290
3386,398
2622,383
3039,41
2747,368
2851,238
2010,7
2333,104
259,53
360,197
3258,269
2376,14
2823,67
4358,156
343,210
4354,299
4386,445
3773,171
3891,24
2586,20
1699,307
4072,7
2774,129
1187,228
3944,376
4174,132
942,91
1602,446
1679,109
4072,304
2047,357
2881,145
2911,241
4996,427
2818,166
579,260
567,382
4687,222
447,94
673,11
796,327
2145,133
4873,261
1046,8
4039,75
2725,224
2778,314
2610,399
1195,422
2489,386
4177,416
3826,455
4139,94
232,436
1228,152
1365,353
4084,101
1505,202
4788,291
3862,356
2829,216
2788,212
3032,226
3140,445
1687,135
4013,269
3365,336
3438,103
4438,383
1895,457
681,400
1112,116
651,20
2379,98
3656,339
2985,150
1613,236
1550,299
2369,99
3815,106
4693,288
1912,6
1647,445
4999,369
1282,445
4348,173
2994,332
278,476
781,355
3452,168
3330,352
2423,51
406,365
4659,356
4835,336
1946,311
3183,43
1927,253
2247,43
2460,475
3121,104
742,273
2651,157
473,446
1486,71
2834,498
2528,89
92,132
4792,81
3608,73
2321,104
1102,195
4654,176
166,29
1305,447
4988,281
2919,55
1602,348
76,392
4502,151
4248,300
1240,402
989,236
995,7
1933,42
2066,500
1438,213
4290,467
2249,63
4577,441
4847,323
4049,324
2857,122
1930,460
79,132
1862,495
4611,394
1949,389
3840,61
3699,306
2029,19
3697,425
1828,78
4715,77
674,155
749,420
3207,370
150,324
2673,117
1787,453
15,19
184,103
3791,190
3159,42
3413,392
901,83
2085,205
286,299
500,470
660,447
3093,104
1364,346
3494,104
478,309
879,141
4384,479
3605,480
4774,339
2460,381
545,277
2445,383
3025,118
3583,485
1789,312
4833,437
2672,48
4485,408
2439,309
2824,370
4531,394
2102,246
2125,90
4792,247
967,430
3507,85
4396,116
299,178
4653,461
315,431
4535,352
2494,171
2378,377
394,25
2051,273
3546,330
935,273
1176,208
741,126
3014,394
2659,316
3474,181
1960,293
2228,131
4298,420
1275,341
2273,370
2568,161
3848,398
2424,322
1567,146
4974,103
4128,291
1165,347
2007,318
129,334
4547,315
239,383
3238,233
3468,342
4462,105
3724,490
1086,131
231,441
2909,372
1105,129
1480,371
4884,359
3476,115
3732,495
980,145
1429,307
780,134
3962,223
3967,51
60,425
3322,106
3789,215
1926,462
2364,271
4293,384
3029,273
3145,456
1891,448
3707,135
2998,334
3532,57
1365,385
145,183
3290,114
3741,442
1722,409
37,154
2324,440
2994,188
3666,493
1553,391
1764,424
3835,2
2332,81
4903,365
2319,22
74,471
3475,390
2883,42
145,399
1786,470
973,379
4726,123
236,90
545,459
2247,251
2021,225
1275,467
2385,444
2998,197
2279,493
1430,333
2662,129
3681,381
1383,72
3703,458
906,459
285,203
3724,208
1411,490
232,457
562,132
2537,116
3211,35
4579,371
2286,214
1110,73
360,101
4400,465
368,366
632,280
628,34
3807,105
2958,435
1935,280
4552,60
1154,353
1457,476
3006,100
4457,176
1357,456
3295,296
3897,450
4559,139
343,103
3875,142
2763,352
2764,207
4865,351
3105,98
1601,374
3247,460
3509,276
2025,398
1243,104
842,302
4477,225
3626,6
1685,131
4480,205
2123,83
3599,161
2597,209
4222,245
1502,35
4396,223
2304,241
1980,329
933,489
3021,280
933,231
50,326
1755,207
173,175
3662,271
1302,201
4446,492
4614,304
846,323
1636,157
1221,285
4027,73
28,84
4914,425
1869,323
4910,329
3816,112
625,382
2610,6
4196,312
1768,56
2332,354
3270,340
3079,282
3766,235
3635,364
2720,444
3517,149
2152,139
2780,233
2284,203
3378,191
1456,73
1211,64
2432,69
2351,348
3210,205
3078,445
896,341
4136,60
1756,158
2260,481
3418,358
4536,106
1384,87
3987,125
1772,219
3201,26
3718,83
4372,103
3662,7
4745,450
387,194
4495,398
1625,383
4524,69
4844,420
4139,374
1082,253
2205,419
2593,197
2980,251
3501,377
978,332
3544,229
1544,210
19,161
2789,444
2476,24
2742,457
2995,193
4561,204
3853,112
2972,221
682,343
3688,197
4718,255
4654,342
3999,288
1264,55
510,320
3753,499
1910,455
714,491
3122,342
3057,144
3864,29
3009,427
1141,173
2224,477
1163,39
416,69
855,10
3655,379
1345,343
2292,392
1591,398
4345,405
1783,62
1211,296
3735,124
142,110
865,380
1894,43
4855,446
3464,462
217,450
2531,165
2288,349
723,91
2811,282
4002,250
2240,370
1251,431
3741,272
1103,247
147,413
3290,62
10,244
3968,181
3302,134
3690,243
81,454
3423,122
4721,67
4,329
2153,272
2858,369
832,34
1804,190
756,258
1026,64
2034,141
3508,326
2518,455
2457,199
1878,262
439,117
3305,133
4197,262
3609,40
4929,371
2915,47
1170,94
827,361
2472,481
3057,416
199,238
2539,466
184,67
2111,239
520,459
3795,202
1663,131
1418,243
4206,297
3339,394
3443,375
43,352
1635,123
817,148
4792,138
721,49
3000,332
4763,478
4002,174
825,177
2859,281
3454,286
2335,127
4180,331
4378,183
682,463
457,247
4547,57
4944,413
2697,222
3320,338
4086,268
2564,349
1951,387
844,98
3964,229
1963,234
495,214
134,83
4996,7
1191,201
922,347
4534,424
1355,369
2957,265
3444,110
4633,490
3361,498
3323,131
4003,370
657,73
3693,338
1071,206
1825,100
1702,377
4671,55
3767,62
4103,317
4636,414
413,217
4559,36
2194,485
4810,233
2991,402
958,123
3957,87
2808,148
3089,438
3632,231
3772,253
4994,483
3938,145
4797,249
536,435
905,294
2812,159
4418,58
2948,356
1310,89
811,51
2058,188
3729,362
3563,405
4185,380
4078,318
857,178
1537,28
3371,427
78,473
3135,321
879,173
4278,257
3157,241
2668,38
4214,223
390,203
4463,116
3730,295
4692,162
3713,252
3492,320
4890,51
3823,184
3566,312
325,142
732,176
3357,340
132,490
4374,337
2934,310
2395,70
3268,89
461,182
2984,213
4985,466
114,1
3476,117
1097,474
2758,106
3671,17
1943,399
23,198
2356,341
4239,280
591,12
2441,131
235,89
1500,169
1009,171
642,296
4064,160
3710,223
500,247
1018,407
2653,283
1160,451
596,209
1089,499
3268,88
3216,59
851,157
345,16
225,383
4558,105
88,280
2067,267
3588,299
4404,247
4801,328
3108,417
4667,264
3302,9
1793,70
1168,1
4390,306
2916,152
2726,184
4706,81
4370,407
4777,103
2689,457
1720,101
3764,88
1295,176
2578,449
1793,32
12,182
1137,424
1841,4
2063,446
1729,177
3222,44
658,332
2785,190
1176,489
2129,434
3217,352
1017,316
3196,79
337,256
767,465
3102,90
4846,74
25,88
4873,8
3755,325
2353,45
3670,458
1143,406
448,324
555,455
2833,192
2432,232
197,154
3974,474
1229,247
3829,495
1937,178
1942,141
3596,275
2190,334
1955,197
3313,266
2590,182
4597,5
4062,189
1254,468
554,301
4614,433
3755,365
1822,470
1518,274
1268,161
1443,332
3767,93
2954,339
4485,286
3960,351
1300,292
730,265
3362,389
1230,416
2378,265
3757,66
2059,379
3706,132
586,35
2449,329
2321,55
4440,234
4617,272
1509,141
967,396
4728,321
836,53
3752,339
1382,63
1937,322
1092,390
4799,454
3179,174
351,250
573,339
919,428
688,490
4363,24
3214,174
4409,295
172,399
3621,3
2128,393
3374,31
2016,398
1643,483
4877,134
942,440
4472,489
3268,492
1938,336
2716,312
4058,390
1576,112
1463,116
3787,457
1803,373
1582,491
121,357
4066,257
2635,374
4353,375
3434,471
3600,134
295,267
113,165
2390,236
1354,266
233,394
4852,176
2187,256
3404,478
487,382
3821,318
4982,374
2392,193
1265,426
4844,465
4051,373
3454,161
2805,297
106,300
867,17
3020,446
1902,186
677,399
3235,112
4155,4
3368,110
3015,353
3711,273
3277,364
2450,318
1781,340
2967,310
2849,27
1599,333
4957,211
4654,457
1603,61
1301,221
808,75
2172,285
492,424
410,301
1624,56
4595,420
4898,19
4568,55
4276,16
2389,416
2731,327
3588,394
2899,278
1029,237
1921,50
2931,18
363,163
195,247
3266,78
451,276
2062,11
3207,68
229,426
4144,155
3751,106
3661,211
396,420
4882,281
4977,397
1562,330
1233,226
4929,15
3823,190
2069,18
3178,331
3187,52
4720,253
1961,179
2619,175
3096,84
3277,398
936,105
3551,203
1050,460
1951,50
1972,409
1725,24
2928,421
2390,194
4596,412
3261,456
1712,246
1616,37
3941,404
15,29
4694,255
4934,444
746,47
3479,122
3490,461
1199,163
1628,109
2342,82
160,81
4793,38
1801,470
3676,439
1967,118
1219,82
1998,219
373,254
1287,306
1694,203
53,131
4352,147
876,300
343,157
4558,415
4624,134
1926,292
1733,150
4679,306
4916,202
737,181
2879,344
853,35
350,245
57,218
1071,83
2998,428
2187,470
2782,260
558,273
2859,444
4062,280
3124,417
3366,340
514,171
4734,458
4849,334
314,142
2246,126
935,38
4128,232
1627,261
1517,350
788,123
2716,83
1138,492
4309,128
1950,14
1080,406
4185,301
2737,465
4092,317
4802,9
1965,114
2766,466
1109,86
4070,114
3860,89
3130,44
622,87
642,101
3030,329
2678,69
4851,470
3226,199
265,496
1885,84
4613,477
3109,153
2389,424
3381,125
4460,361
970,58
3289,22
4991,465
1958,233
576,381
2276,421
3521,272
2401,212
3852,160
1750,27
4379,368
103,356
3424,226
4173,497
3205,385
2036,143
2665,37
756,110
85,126
2728,316
4706,52
451,372
1340,282
1388,292
1562,280
1470,92
4608,146
3898,180
4344,38
2733,250
1155,195
4360,487
1733,324
2509,255
4688,322
2220,410
4993,354
4820,244
2328,359
3909,67
4391,194
1656,232
1654,479
208,89
3646,105
1492,65
2326,434
592,409
3830,281
3283,280
2000,413
1781,287
1596,289
4829,319
1101,292
1924,332
3813,48
4437,184
148,481
679,62
325,52
651,8
1887,66
4248,167
4897,473
4785,252
4188,66
927,220
4973,181
916,448
3998,490
561,67
362,319
3710,220
1505,446
4336,17
2339,82
3376,405
4162,78
4230,258
4005,195
907,449
2804,284
588,263
2013,122
3496,188
2919,300
2904,434
1581,70
550,6
3683,422
850,272
4825,17
927,401
3767,440
3526,296
4488,143
620,209
1572,64
3233,227
704,464
2188,42
1643,200
617,6
1817,187
4340,236
292,168
556,483
2056,272
4323,341
4085,465
2721,386
2692,92
2541,407
205,396
1633,140
2503,330
1322,214
3777,98
817,468
955,218
2944,235
3946,193
2356,311
1250,387
2766,224
787,288
3891,199
636,255
3948,115
987,192
1340,32
3599,467
4558,472
2742,257
110,162
468,342
2220,248
565,451
4373,145
4569,113
2198,313
3067,343
955,168
1040,453
2715,147
2085,52
2494,328
2738,364
2124,191
2191,390
3129,393
3159,19
1401,338
869,344
793,176
1801,479
3146,251
2919,363
3190,191
2258,48
345,258
1029,311
4917,162
3548,349
1826,413
4915,15
2694,390
2433,280
2966,16
3961,44
3567,493
875,24
764,451
951,16
3972,213
2171,193
2869,271
307,496
2576,346
3054,122
2325,49
531,139
1766,254
4342,483
4582,279
2277,211
193,400
2762,500
2606,153
2866,108
1953,23
4360,496
4993,89
570,381
2334,217
3459,166
4826,313
1129,232
2449,157
111,20
808,495
4775,234
4295,67
4923,282
4992,13
3423,137
1151,343
3309,488
3841,79
316,32
2237,422
813,309
2334,459
2348,364
2255,173
2343,392
4376,225
3065,247
2836,85
897,478
1157,71
1246,340
3162,39
4892,217
2750,265
4072,487
820,375
4636,297
3189,401
822,306
292,228
530,263
863,218
2135,280
4887,345
216,378
2692,11
3657,426
3936,436
1446,32
2074,89
727,374
210,135
4537,361
214,368
1949,119
20,427
2270,11
4452,215
1577,390
3141,96
1166,45
1234,52
2613,300
1358,135
4970,418
2732,13
1110,234
1440,309
1199,444
3597,178
4989,65
1033,109
1360,138
184,237
930,111
3703,310
362,85
3818,305
1848,47
2054,422
2887,7
3057,12
1625,269
2135,377
4619,404
4162,136
14,461
239,92
1534,129
4767,276
664,121
3959,394
4491,56
3064,102
2978,400
451,312
3416,36
1082,201
2516,60
3867,27
3244,439
565,210
2116,7
196,304
385,265
3797,177
2749,150
43,327
1631,83
1789,68
4091,119
1698,146
3052,214
1283,328
1456,416
2438,165
4106,495
3973,168
73,312
1452,409
1237,370
15,126
1180,60
4968,319
1343,153
1372,70
2687,118
1172,345
1569,24
1636,288
2889,13
1815,436
3185,95
2843,375
400,499
1569,253
128,453
3429,348
3618,458
3322,234
4919,249
228,98
97,342
2717,191
3819,311
2881,353
3269,389
2996,453
289,310
2029,266
1807,117
1186,478
1562,233
1029,306
1309,294
995,104
3091,410
3171,268
1192,83
1409,36
3994,208
4320,450
4248,204
1752,347
2593,107
189,394
2928,58
2077,286
2960,24
3922,99
2627,433
795,118
2382,181
3221,483
255,381
1216,354
200,276
290,494
3378,238
2004,425
3582,56
4071,254
547,119
4931,395
2432,74
1370,8
2460,478
575,389
4267,325
102,459
2280,119
1687,201
3154,145
1645,196
1567,128
4913,274
4854,243
1686,362
4359,10
693,413
1311,109
1697,317
2333,210
4405,344
1081,232
4976,293
362,238
4077,391
4950,233
4300,440
1318,409
1566,207
3405,28
512,63
2217,298
4388,103
655,362
1055,132
475,229
1336,214
1262,229
670,174
3697,126
1519,426
4176,220
1080,421
3394,160
2894,472
3159,469
4905,443
823,387
1646,173
3423,62
2484,459
4145,9
2068,312
321,226
4337,399
3835,339
2206,165
4629,335
878,64
218,132
4502,78
1239,213
3404,216
2018,141
1791,488
1701,48
4830,125
4488,296
2265,219
4028,379
2993,142
2859,465
3896,354
3579,11
1525,196
4069,364
2770,36
2567,298
501,451
4108,13
4810,291
617,214
3732,290
2554,75
3608,344
243,267
4017,349
2596,141
428,115
4412,387
4292,277
3615,192
4529,467
4761,36
628,149
28,352
138,210
4050,440
788,453
191,469
1352,285
242,165
2694,462
4728,180
4601,450
2099,356
1398,159
1364,82
1442,451
2017,269
828,284
1004,152
379,48
2619,430
623,337
3918,120
3684,11
398,406
3394,286
665,453
3041,391
2560,176
613,406
1745,314
2410,147
4705,462
3937,369
749,448
4255,164
4751,112
4524,180
4600,437
3385,481
3963,377
3144,140
3934,400
4243,100
4991,188
1903,53
4042,449
3535,222
4415,447
894,282
4103,148
1953,266
602,383
781,168
387,262
1863,260
4884,344
4653,253
554,421
1790,437
4700,324
1664,206
2268,199
2445,88
4633,312
1250,327
4365,348
4415,187
4441,115
962,79
4093,55
1046,378
2356,185
1218,413
582,268
3072,185
3597,123
1999,135
2500,139
2352,86
850,300
1066,252
3423,476
3327,126
4812,161
1346,309
1802,114
2557,381
283,127
1304,366
3057,193
392,431
4145,12
1281,374
2736,371
1318,262
2254,314
711,421
2778,281
594,454
3957,358
571,438
1005,330
2612,244
2886,348
644,393
3820,226
4768,463
546,350
4310,287
453,50
1774,413
4302,150
2037,29
2344,334
1983,214
3218,51
2842,426
3608,200
3787,66
4394,277
3618,349
3554,343
204,53
2821,110
3102,371
1841,266
3653,362
2708,468
1180,418
4282,85
3719,63
4456,353
4411,160
4678,164
1664,187
574,247
2621,357
2481,277
4140,279
1186,329
236,408
1402,454
647,144
2360,125
2345,215
434,38
4002,182
3142,384
28,326
3196,221
986,370
3159,416
3991,467
2529,227
2722,280
213,264
2486,464
3348,310
3837,476
4145,199
175,223
714,366
2095,486
3480,111
4299,479
4038,438
645,277
721,44
4500,286
600,44
4923,151
4831,206
974,81
3761,273
4615,49
1145,331
4475,480
146,80
4595,87
286,23
2071,28
4329,68
3348,218
2699,270
1778,444
3217,425
71,425
929,484
1762,466
4590,272
4863,415
1324,20
2150,15
2950,448
3190,342
1665,165
408,493
3195,202
656,411
1971,88
1357,38
3792,371
1471,87
3301,81
4046,47
4931,27
4405,385
3564,216
1225,141
304,34
2629,463
2558,41
3928,456
3747,498
2600,249
3050,465
2496,485
3985,409
3687,375
3400,385
3770,488
4495,114
668,381
1192,143
2014,309
3608,60
1286,20
3243,360
2786,500
1861,9
2975,178
1616,172
2975,430
690,133
3676,163
87,4
147,319
4308,255
4378,223
3613,150
281,18
146,113
2651,413
1735,257
4382,307
3420,305
1026,226
4845,14
2716,261
929,112
2230,255
2496,452
4104,26
1414,188
2305,215
4830,482
1217,126
2845,18
4217,351
3300,191
775,440
2625,381
694,500
3174,64
2732,444
1277,177
915,6
3657,465
2435,459
1694,80
4788,178
3256,199
1167,91
2032,216
3701,85
1255,110
330,459
3259,267
1159,483
1274,77
3674,420
4306,397
3090,199
3881,314
3412,134
3518,51
3993,259
174,455
2630,490
4426,334
3711,438
1658,388
2064,195
2777,244
2500,235
4820,209
1313,268
4620,478
2308,193
2843,298
1336,440
2718,320
2628,11
2801,275
1035,200
3975,471
696,444
2776,312
2688,372
2507,414
690,42
2843,470
3606,284
4445,245
4815,386
3232,31
3736,6
4345,241
4784,465
1064,282
2041,269
1542,88
1521,173
1918,304
1062,54
1330,105
4668,404
217,395
4516,150
4192,293
3972,346
3982,298
508,383
4055,167
2146,454
1494,7
3903,497
403,187
2777,113
3774,311
4861,32
2236,174
3733,493
1067,293
1430,337
785,354
4091,343
4895,1
1733,174
3812,81
133,257
1246,273
932,489
3817,13
2388,84
3055,455
1694,264
2616,74
1647,126
30,280
1024,93
3697,447
1516,47
2819,212
1608,39
4547,477
2980,284
3857,66
4086,144
906,48
4812,438
21,361
4113,180
3099,351
1613,383
4334,273
4527,425
211,296
882,146
2919,4
2944,355
901,386
2662,195
4684,72
4796,24
3786,253
709,257
2119,175
3467,255
4970,55
1074,5
3611,191
1991,170
1878,280
856,251
936,234
3796,178
4398,224
2523,339
2267,302
3504,492
2973,129
3504,240
161,323
3280,206
12,211
109,414
3568,416
4085,67
913,276
109,491
1027,353
2056,388
257,79
2201,329
243,256
1615,134
2744,375
2470,443
4780,5
1986,183
4248,236
1099,261
2981,348
4011,110
2329,322
1933,338
4228,300
4653,115
3206,424
2608,162
1372,40
4689,168
77,442
3263,438
642,354
3260,436
2230,89
2263,190
371,237
316,410
2507,127
33,37
4776,336
4309,41
4962,114
2012,111
3521,50
3713,255
3015,479
1156,226
13,409
1457,56
3,364
2433,249
4702,407
2347,147
2400,1
3940,202
4712,190
1909,275
4017,312
1059,232
1785,275
2805,31
1012,315
3710,379
2264,28
4962,87
3033,3
4489,191
765,373
2194,380
747,321
282,285
4367,64
4889,132
4295,484
1118,267
2903,486
2228,350
1284,316
1194,387
2632,183
1695,457
3993,396
2058,382
2477,157
1633,393
4368,239
2182,267
2859,118
4286,221
4746,347
4305,15
4497,132
1606,500
4326,140
4192,363
3853,70
1023,207
3943,80
1876,327
3407,251
4394,48
1183,400
3543,259
4893,493
45,249
2033,246
4931,166
2150,439
4657,183
4829,153
524,244
2684,323
3541,374
3141,94
836,138
4798,272
1737,353
97,16
14,436
1572,466
218,43
2383,210
4632,30
1868,162
4480,140
3141,463
2405,308
1892,300
1470,67
1400,312
2229,45
3284,340
785,265
820,449
2016,85
2544,372
748,237
1825,225
2006,290
1695,421
3548,468
4407,102
2489,305
1527,168
2334,66
1161,445
4958,132
587,416
4402,190
1446,41
1579,279
1399,373
2832,312
4457,23
4466,115
1770,486
1635,157
1350,166
1419,214
553,212
787,203
244,340
3828,485
1627,161
281,12
1107,116
4385,454
3263,371
3398,60
3200,179
1433,481
2500,119
2277,424
2900,422
2316,232
3237,282
3074,26
2571,470
1250,425
2627,468
290,433
3617,218
1916,387
994,38
1513,341
3893,372
3528,207
3976,209
3272,241
122,493
4358,343
2361,137
4782,311
1347,5
2229,222
4747,259
4122,8
4977,69
1637,265
1938,45
1605,123
1348,343
3711,138
4884,416
2369,407
4448,72
1786,121
4136,166
320,183
4799,227
4748,175
2545,319
4431,349
632,263
1972,196
84,477
1041,225
4602,192
2672,456
4021,477
2938,273
1395,145
2758,252
1590,192
4199,477
4498,424
564,383
4039,62
656,286
1494,462
2845,200
915,64
4054,357
1279,208
396,125
4770,12
1526,376
3887,151
4917,124
1698,166
3371,365
1391,467
3570,448
1921,19
2320,434
209,490
4002,35
4860,48
350,27
3831,213
1488,313
4962,348
83,85
3951,349
1593,412
319,380
980,45
3378,257
3179,78
1886,223
1594,311
642,417
1911,271
4022,421
2631,201
4258,89
201,243
4621,367
3023,170
1067,389
4792,206
1843,282
4518,251
3290,125
4735,236
3758,125
623,131
944,45
4680,197
698,78
317,232
1624,411
4294,314
337,207
1433,375
3923,444
2759,490
3935,109
1090,492
2093,459
586,107
4507,146
689,288
834,228
1576,328
470,8
1345,190
2625,438
4453,37
1564,231
1299,183
1378,113
4944,396
1888,173
3754,188
4531,169
1720,430
3668,384
730,474
4045,315
628,414
582,226
837,382
1288,113
3938,237
4116,474
1920,233
4976,96
301,448
4131,22
35,490
1740,6
2443,477
4331,12
4554,285
4691,184
1008,148
3571,152
50,20
425,309
4012,209
2819,9
2257,445
1137,287
3544,282
2480,351
288,429
4782,397
40,303
4324,216
4399,102
4698,320
2464,464
1456,324
2414,289
3518,16
333,211
2971,486
978,180
4116,156
4623,398
813,425
3127,21
2569,141
335,22
4962,356
2280,165
4190,160
1035,46
2382,217
4922,403
4807,21
4101,465
3655,141
4148,482
4782,22
4924,492
2060,403
3850,401
651,335
3441,113
4305,419
3461,310
3999,441
770,324
3620,340
113,479
4504,424
1852,405
1023,309
1115,421
2774,78
2633,348
847,154
313,38
3594,388
2608,497
1835,268
1655,483
4523,389
3806,85
4400,261
1502,282
2587,90
2415,257
2904,99
1885,424
4240,346
1193,259
4297,269
389,485
1939,238
1785,450
2008,361
1690,126
1151,325
170,464
2590,248
1663,413
1481,161
3362,183
1635,400
3531,60
3164,431
1955,177
3005,156
1563,205
853,284
4816,101
4719,82
3247,480
622,201
681,112
3714,289
1072,23
1758,85
2916,380
4969,153
247,173
456,147
3657,165
3223,227
673,341
1640,75
4517,276
4226,39
665,288
1691,212
2918,399
2565,47
3618,363
1358,48
622,72
3786,11
4508,183
1148,182
891,479
1552,191
891,16
3849,111
93,169
3442,12
1908,178
1367,446
807,192
2553,50
2770,44
3327,201
4401,271
2976,315
1053,280
296,453
178,206
2711,119
539,357
4996,448
1169,436
1916,386
3802,499
762,49
3996,222
3473,450
171,8
4432,147
3047,9
46,68
2323,465
3215,169
3014,254
4182,379
2477,421
3069,6
3586,357
4445,335
273,54
1307,305
491,64
3281,467
478,374
1715,371
769,402
1681,480
154,299
1318,348
4430,9
947,476
1632,141
2708,53
713,362
2538,169
2715,262
2686,440
4799,90
2466,487
672,147
4750,225
405,126
2228,139
2817,81
4528,76
2607,446
3342,242
3522,63
1168,11
2060,477
3944,437
3317,274
3991,373
1681,181
3476,372
3823,453
3515,471
1317,152
3471,230
4686,438
1138,106
3650,402
3854,390
1204,332
2199,202
1544,11
1626,248
2600,76
4123,485
4213,236
603,236
1497,311
1654,60
513,468
2431,227
85,476
278,332
4100,221
2645,373
2752,62
3952,284
576,82
4076,107
4056,49
883,262
86,479
2258,77
2046,309
3211,288
1611,490
3048,321
1106,335
3409,406
2453,134
422,152
4090,105
651,168
3020,290
3336,126
1666,203
2664,40
534,331
1953,185
4557,196
219,317
9,164
3317,344
3104,339
458,129
1041,442
1223,225
563,430
4045,222
1739,85
3762,324
1030,208
4384,145
2799,321
1353,33
4391,368
266,346
808,88
3759,457
618,490
4014,264
3270,318
2909,15
4378,364
2555,72
1906,98
2849,228
3338,282
4172,297
2494,275
693,318
4139,411
3677,352
3788,177
4324,255
1294,215
1576,102
3511,111
746,18
522,295
982,77
3441,475
4528,391
2612,286
3069,462
2639,302
3653,184
3418,35
375,486
3154,368
507,337
1319,113
165,490
3793,103
1815,152
4099,13
3283,205
1699,359
3726,10
616,418
4842,299
1754,465
3041,298
3407,88
3421,473
2453,256
1476,45
585,223
2286,170
908,385
2452,297
1633,493
2119,154
273,308
1421,383
2863,479
1382,205
1223,211
3064,423
1707,498
3826,46
1264,234
4148,100
4047,484
15,186
1816,356
306,229
2159,130
4601,256
866,283
4177,170
3607,458
223,437
4233,31
2476,412
3845,68
3596,96
2364,36
460,1
61,254
2564,247
1078,183
3137,381
861,342
1235,184
1934,317
4089,127
2176,445
1313,399
4536,421
2498,295
755,286
1157,396
3142,403
3917,43
2442,413
1015,154
3354,333
1354,500
3782,396
615,11
1438,470
2463,491
3174,333
1350,344
3539,233
3734,285
4498,71
3559,88
1791,156
2073,367
4229,490
3657,232
3764,209
1132,390
1092,77
678,257
462,240
4665,121
4180,190
1227,466
935,495
3869,327
2544,36
3494,438
2766,416
2675,319
4344,200
3903,273
2654,161
1362,344
1312,172
1017,481
3634,180
2591,172
3145,323
4487,315
142,29
545,334
2650,332
665,34
3684,83
4540,47
2890,86
1995,87
4615,300
3559,291
765,85
2865,241
4755,168
805,201
4295,429
65,389
233,293
2148,237
4197,4
3437,223
688,362
4916,388
750,471
1421,54
1655,243
735,143
4487,139
1554,489
2364,182
3129,214
1655,49
4819,472
2471,301
1384,230
66,121
2123,4
1072,335
4278,204
4107,318
956,208
1251,480
4921,230
4755,122
4868,23
213,200
3366,437
2579,392
3369,20
1712,221
554,295
1031,199
1162,301
14,118
3323,367
2900,99
4502,164
1907,319
774,476
2477,307
740,388
2403,57
646,291
2489,152
2691,2
4180,206
4382,468
2196,301
614,482
2692,254
1054,162
854,20
1339,499
2497,35
3547,72
3528,197
3975,132
1189,132
147,401
1327,246
2996,182
1432,82
3047,402
404,173
3272,463
3516,341
606,371
1490,429
1280,347
1580,121
3100,187
2782,422
4231,67
3380,486
2225,88
4834,431
4079,316
1791,200
4912,376
3404,101
2746,252
57,95
3765,246
3434,363
568,472
1946,294
483,296
348,10
928,144
4861,441
4461,404
1632,50
3355,495
3393,406
1959,208
252,164
2697,228
949,210
2439,82
1724,2
108,410
2374,311
3880,166
4195,131
363,221
1614,337
2410,259
1660,291
2630,182
702,465
2114,211
1323,37
3553,295
3505,139
1293,382
2323,426
4998,495
2864,47
1582,34
271,34
4566,334
554,149
137,351
466,128
1751,207
4160,20
3035,263
3417,142
4206,161
2158,250
4744,295
2672,296
3652,437
1997,284
1760,418
1721,277
2131,481
52,415
929,52
4916,57
1223,246
3365,92
4948,387
4115,401
579,466
1061,101
4388,35
3634,143
3519,174
2592,106
2676,61
4219,441
1656,402
599,299
2180,163
3997,278
3060,447
3111,341
1304,338
3540,468
3759,20
991,321
1644,134
2856,422
553,237
4188,102
3629,486
4482,24
3862,423
4609,407
2031,278
3557,192
809,376
864,186
923,47
3385,253
1981,66
1285,448
827,51
3607,58
2099,29
3268,308
1678,102
3593,174
2483,415
2942,158
3997,222
648,476
4013,151
1354,329
3858,142
1875,245
3492,88
1621,378
4530,489
3673,294
16,205
4976,264
1528,152
147,36
3655,409
1280,395
3610,166
813,371
4460,197
157,234
1123,354
381,318
1164,299
4394,364
1652,380
4478,385
748,335
1220,301
4071,77
3388,205
401,374
397,37
4237,107
4936,301
1299,267
3120,369
852,126
1991,63
819,204
2813,226
843,399
3682,408
3702,35
145,28
136,190
3195,307
1263,196
654,479
2302,382
2697,204
1515,77
3861,157
34,193
3662,365
2712,394
1053,429
4842,291
3816,368
4661,260
2279,169
4140,448
3329,356
20,376
2865,180
4158,426
1797,47
4936,3
4104,165
2149,470
2423,55
487,343
3070,32
3519,68
3234,8
1195,106
386,91
3912,87
1367,353
2342,493
4874,299
1569,150
1528,360
4488,275
1100,170
2544,451
2238,259
491,341
2571,325
2160,139
1571,215
1727,167
1932,295
1174,327
1065,421
2027,40
1588,129
1380,361
4431,185
3507,115
3779,417
3656,230
3028,211
1659,160
3424,472
3406,188
3174,267
2959,479
547,304
274,392
1491,35
4295,400
4748,367
1852,465
766,288
1457,374
2689,171
4211,115
2752,401
4058,405
4463,353
3490,499
3095,471
1408,69
2170,340
1988,204
414,486
2061,59
1915,329
364,10
2310,499
2789,14
4746,493
831,24
4353,21
1842,178
2143,155
849,491
2116,497
2931,413
2179,295
1376,324
540,177
4383,144
1652,119
2576,91
12,433
3392,295
2839,186
1314,473
2045,291
2602,315
3459,277
3051,238
678,402
2514,366
3066,242
4002,183
4741,192
2802,422
1511,276
4629,341
1447,192
1297,425
36,265
3842,472
3359,289
3431,269
871,324
3657,423
936,123
1611,470
796,62
914,308
1644,129
2593,167
1240,300
946,279
4724,266
4684,9
1138,42
2930,340
1203,58
3883,337
2961,451
216,381
4004,268
1982,315
619,61
4257,449
4682,415
303,474
222,234
551,400
3597,294
1430,433
2130,456
1635,233
2409,487
586,341
4818,35
3152,154
3263,304
444,339
1156,126
861,110
4116,172
429,475
658,121
2401,97
2313,100
3206,289
1406,461
4182,416
2980,417
3609,499
2335,134
2901,325
4845,158
4696,244
237,254
184,478
4317,362
4641,158
3162,171
1368,29
2550,310
4388,122
3543,397
423,442
11,257
1019,319
887,322
130,198
3523,152
3126,278
363,446
1560,41
1859,236
2167,362
3334,425
3891,63
2793,23
4921,148
3930,455
4271,360
4467,255
3152,311
2029,97
1101,59
2622,408
3211,64
271,347
745,28
1067,457
2421,186
1934,478
1945,87
1062,453
2456,155
2859,477
117,57
2039,359
1549,229
2794,15
2067,419
2738,336
2589,8
3697,138
4864,222
4953,500
3454,184
4458,17
2563,180
202,484
2094,428
2595,52
4434,200
4325,447
2624,205
2640,115
3929,404
3066,145
4354,149
4785,113
2117,498
2807,319
4182,435
4859,213
1429,305
3759,169
894,85
83,455
624,275
727,205
1171,419
2103,299
315,487
4769,345
2670,195
51,337
4374,357
1234,36
4826,90
4765,115
533,338
950,81
3646,246
4934,387
2514,421
857,57
2360,487
4636,234
102,195
221,55
4175,479
3787,37
2704,281
4799,325
3863,485
905,272
4419,171
583,442
3842,448
1246,472
1402,243
1710,89
878,355
1837,315
838,208
1575,408
4683,100
2658,215
3934,190
1717,232
3150,169
3687,76
378,343
2534,161
4402,2
3045,220
2673,494
4619,497
2265,84
2690,85
1455,274
2906,415
4263,297
4657,168
3524,88
3268,403
2892,462
1691,434
163,55
4915,81
1700,444
3762,80
1020,391
2657,178
4435,17
3279,478
2497,40
92,337
1239,296
1018,422
1887,167
31,133
2266,214
1287,55
907,60
4922,341
15,124
2800,150
147,466
2369,362
2322,167
2343,162
676,140
2874,318
4852,193
1189,79
2966,259
3364,294
4430,212
3532,457
1410,280
411,380
733,282
4089,298
2296,175
3687,472
1801,446
2074,30
213,221
2459,309
3665,219
2740,500
237,178
4194,288
82,338
1830,38
3294,365
2823,94
4918,216
3954,189
262,284
1693,377
4690,71
4383,364
4659,398
3306,225
1617,174
793,439
4328,57
4065,83
4147,48
3783,362
3672,391
1685,475
3228,141
2713,343
4083,410
1775,283
3244,67
1146,339
3185,142
2973,59
444,103
3820,380
1647,393
3242,112
2073,398
3373,320
547,143
652,186
2876,17
791,34
1012,86
2878,373
2597,218
1272,465
1847,201
4341,441
583,284
754,303
4532,18
876,398
1023,448
2673,231
3444,356
2208,143
4710,443
801,426
523,156
3614,403
4494,5
1872,130
4897,174
4392,207
980,369
1725,115
3669,413
3265,132
1201,223
4037,414
1532,254
4997,388
1829,412
2539,280
1273,476
1097,409
2090,262
1165,76
2698,158
703,259
165,414
1212,384
2920,277
4484,62
919,403
1270,271
1954,336
1101,142
4876,444
2797,351
3062,37
4268,301
4786,187
595,11
1496,204
2388,271
4625,152
205,330
1584,9
3552,417
1064,430
438,473
4801,207
3275,478
1256,43
4737,374
3102,426
3680,7
2862,105
3180,149
1636,256
3626,484
1493,229
4259,443
525,118
2930,208
4848,418
983,237
919,2
604,5
3251,415
273,36
511,436
3584,162
4477,12
1520,140
2898,479
938,219
2628,84
2741,288
2877,21
4785,498
1456,83
3568,495
2092,426
3806,153
4585,297
3777,138
1889,284
1889,29
554,454
4126,164
1967,486
3732,125
3416,53
2330,172
3940,324
1436,164
935,449
2391,272
1114,3
2140,377
4354,183
1742,497
2643,441
4575,460
3387,439
1827,268
4364,256
1324,4
1731,117
384,273
1028,444
3307,5
1703,370
70,248
612,70
3785,58
2361,208
1937,389
2396,414
1091,266
1351,298
4346,335
2380,367
823,441
2799,433
1714,30
4189,500
2942,337
922,303
3127,181
594,26
759,13
4749,132
2956,111
4727,303
2348,369
4465,350
1382,149
434,395
134,474
2425,96
203,65
1521,222
1779,210
362,480
4372,150
4445,158
3551,34
4152,39
183,300
734,275
3685,150
3956,137
2141,325
2375,387
2203,110
2479,223
1587,29
4140,491
2723,117
824,326
1334,481
2244,456
3927,246
4204,446
1797,297
4961,199
3708,276
886,308
3347,157
2875,111
4258,80
737,461
4030,211
1809,120
862,36
4350,42
2611,176
4053,489
3294,257
2564,319
1617,195
2904,296
3799,376
1694,259
1457,481
4959,392
4854,104
2757,235
2822,275
1721,20
587,419
1117,186
337,478
4169,119
3694,74
2617,299
920,80
4913,267
4450,137
1655,19
4090,317
2811,470
3687,269
2687,489
2544,58
4968,25
3551,302
633,428
3046,216
2922,481
549,15
3207,103
1445,362
4281,373
4713,498
2242,265
1271,5
2816,200
4147,52
349,369
1295,494
1028,406
3524,164
2249,291
4930,438
2944,215
1078,67
2778,203
13,493
2515,381
2594,427
1690,438
4179,50
4081,466
2952,128
719,365
4839,2
3886,424
1065,123
1461,119
3336,57
855,105
3889,136
962,27
2108,66
2657,383
3912,23
3115,381
703,266
955,318
2039,226
4137,207
264,31
3522,447
3595,174
11,373
3658,347
3618,191
3760,14
3929,328
732,381
2990,117
233,468
526,301
4803,454
4287,466
951,121
4357,355
4719,125
2357,261
3069,363
2622,211
3539,107
2861,193
280,260
3251,198
1202,490
1791,57
547,118
1803,46
3747,477
3847,384
4315,246
4664,375
2365,78
4072,169
1173,212
2612,175
1268,351
734,449
489,475
2562,283
3755,51
826,253
4830,458
1094,242
2314,51
447,159
2493,146
106,492
1146,22
2848,380
287,16
4448,417
179,354
4494,439
3088,383
1179,167
3844,3
4639,100
1284,446
2003,472
1923,3
2093,361
4576,485
3311,56
3314,385
2579,449
240,17
4769,272
3617,164
314,406
2665,493
3284,70
4795,18
3967,319
1143,125
345,369
1641,379
171,214
4058,134
113,373
1971,445
4800,369
1008,448
574,384
1332,19
3778,343
606,92
1379,126
1721,495
3064,428
1334,180
1915,373
1969,448
2895,152
2805,127
3744,446
2558,331
4151,164
126,273
2693,114
299,119
4258,34
3814,484
322,241
3043,331
3575,343
2935,480
579,360
3237,79
3135,324
717,35
984,134
1287,198
40,99
4996,278
79,500
4990,182
2513,172
146,248
4624,150
4105,281
2721,499
3168,135
2571,86
2573,325
165,297
1208,40
4830,37
4642,258
2203,134
2292,425
1149,394
1044,402
3250,217
4361,390
4094,80
3345,339
2185,368
1070,315
92,402
4938,149
569,332
4077,152
2363,431
2786,271
3346,114
1516,443
3538,110
4065,420
4419,415
401,18
3870,474
3654,379
4099,231
3146,210
764,196
4683,340
4907,8
1732,163
1442,208
1194,401
1929,259
3816,328
250,339
2975,121
3707,465
3871,409
2792,476
824,278
2884,238
2760,496
2848,199
781,165
2054,482
4135,458
1972,282
2028,91
4354,393
4135,32
2105,286
3760,500
1576,374
1398,315
2558,334
3769,228
3286,166
1779,206
1850,318
1076,59
2997,361
1374,284
217,464
407,494
3538,401
1342,215
4330,200
2152,212
2746,102
3926,49
52,33
3266,242
1159,127
304,116
3067,121
4937,471
2809,79
3412,401
833,75
2437,38
549,90
3174,261
4672,28
2173,210
809,482
2946,330
4922,56
3479,371
4305,427
3083,365
3772,94
993,238
4649,223
4640,419
296,133
3486,81
4132,489
4435,219
2751,286
297,1
2512,77
4442,309
2699,176
4833,240
2382,100
4980,139
1268,134
3413,428
1636,21
1437,481
3660,45
2643,123
2634,174
3677,394
566,70
311,59
2317,500
4662,301
3860,239
2831,149
4218,132
3850,325
4683,95
710,388
4810,178
1526,396
2203,309
3491,122
3151,76
1749,497
3216,204
42,35
4852,183
1609,222
2120,175
158,265
352,250
273,500
4995,436
1795,416
809,357
4320,399
2503,335
3009,455
344,11
3114,230
4108,259
331,428
1752,360
2287,443
4137,144
2052,411
4638,398
1523,489
1482,262
3513,415
361,283
1930,223
334,163
1263,460
3759,326
1828,414
214,20
2574,495
1932,213
4406,495
1824,111
3998,207
3328,436
3277,94
2094,244
4648,161
4484,60
2148,288
4455,228
4566,145
1233,167
1428,316
364,161
3998,444
2801,136
1238,56
4908,9
3334,378
1307,247
702,391
738,424
57,238
1617,35
4443,328
1427,109
4421,446
1291,129
860,330
2712,444
1135,368
244,179
4346,9
4626,437
1396,361
2545,341
411,238
1094,277
4819,48
733,265
3415,203
2777,314
979,346
3880,133
3356,166
563,406
807,59
136,425
643,257
211,154
1498,443
4420,298
3749,201
3953,167
3118,298
285,35
151,100
3582,195
2698,234
1618,149
2826,304
3827,349
2166,497
3305,150
4663,111
2735,392
3810,406
3885,207
1359,50
2507,251
1081,252
86,69
4192,76
1467,245
2745,153
517,311
1424,188
3821,79
3761,76
3091,440
4352,103
3510,345
437,398
261,126
4691,44
2491,197
304,105
503,389
3952,418
4396,125
3204,2
232,1
4921,463
2704,348
4664,499
2798,44
3194,221
4592,69
3042,32
1245,31
2094,271
601,478
1134,203
107,398
2656,326
3596,356
3160,333
4989,334
2954,140
210,173
1190,86
1247,252
640,403
4892,251
3951,76
517,148
1849,488
480,106
3200,435
967,347
4232,406
4215,466
1232,275
289,152
3920,489
1515,392
1518,268
2018,290
3011,42
2909,122
2040,72
662,50
3622,226
3849,32
1204,49
804,88
1348,345
3629,27
4350,307
2565,146
275,267
4422,270
1281,162
548,64
4974,47
2361,55
3514,16
199,55
239,176
876,221
1573,78
912,274
1257,108
1400,310
1630,235
670,157
4598,6
1964,350
2653,226
2279,438
3103,71
4771,341
4462,411
1861,149
4875,12
1032,440
1430,410
376,287
1192,125
4097,472
3461,455
3868,348
2240,229
291,282
1002,87
1043,116
1046,422
4451,347
723,67
2472,137
1895,279
3910,158
4921,141
4678,147
4406,9
1895,231
2385,487
1706,14
2305,53
776,255
1886,166
2056,357
2988,221
2445,177
3395,228
4753,407
4670,475
773,6
3334,389
2442,339
948,128
1197,3
2690,384
3866,245
3633,72
4336,251
1179,421
2739,299
3381,344
1927,20
4021,82
3178,443
3275,459
66,31
4159,419
4215,287
4851,10
2339,199
2024,425
3793,137
2138,259
3059,309
3153,329
1769,264
2698,404
846,330
4745,106
3702,476
4715,378
4314,495
1291,25
2980,6
122,373
3209,36
3357,481
4562,32
672,432
766,123
230,279
2439,129
3400,343
4404,401
4672,192
457,443
4649,370
1352,416
2577,23
1379,264
809,320
924,247
1912,120
2105,262
2665,259
1965,208
2118,255
4349,114
2763,164
3849,315
1282,322
1802,424
755,240
3772,450
972,191
4815,294
4284,73
1148,111
1237,382
4162,341
2481,131
4590,478
3986,383
1875,404
2262,37
3003,305
3251,107
3282,494
2916,174
1981,117
2761,402
3538,73
3579,384
1917,144
963,438
2898,496
1159,1
1188,41
3724,368
674,42
3246,438
1659,313
4457,209
1532,63
2732,429
1770,156
301,71
24,33
1633,30
3766,218
1762,249
4040,13
399,273
2130,301
2122,270
4582,263
736,2
4180,48
4745,181
3444,222
33,240
1212,243
4153,148
667,464
3346,126
3844,73
174,119
4758,24
408,85
4361,160
3838,245
1745,289
1463,401
4139,25
3023,291
3759,32
3327,245
1336,174
1937,233
334,298
3256,101
349,102
2832,280
77,339
2756,354
4958,43
521,74
3487,417
2205,176
645,348
3936,297
1258,1
4480,246
3195,294
1583,336
1872,454
2176,222
2703,417
4922,101
4324,389
3507,274
2218,209
2864,203
378,78
1576,359
1179,301
2907,206
2051,482
3052,135
3604,439
2337,253
473,286
4137,290
2112,420
4578,330
2973,110
1592,26
4737,136
55,407
4087,214
2704,276
1456,200
4283,33
679,414
3500,409
4451,265
2080,130
2162,104
4085,18
1708,384
1074,29
242,136
572,22
3213,243
1776,179
797,4
2077,17
1750,279
3081,34
4372,389
4449,408
154,226
4980,286
4079,19
3555,372
3826,448
2357,385
3110,52
2909,322
526,465
1976,406
2410,262
986,372
4085,286
1134,393
3097,184
547,271
4739,376
3200,274
3255,450
571,225
2925,292
120,407
316,174
122,21
1734,261
351,98
3462,230
4943,320
807,345
978,87
308,22
2282,51
221,182
3323,400
3916,218
4065,411
3723,251
2574,103
2388,374
4835,238
1817,185
1215,280
4794,19
528,24
2269,294
747,32
3622,393
4808,98
4273,341
2315,385
1613,244
816,133
2900,430
952,341
158,188
1144,1
4117,360
2412,27
2851,62
3826,479
1788,163
199,322
1118,111
1760,62
200,423
1143,291
3881,391
3938,282
4957,186
1607,330
3061,261
1569,144
163,240
1875,107
2016,97
3224,227
2185,414
2699,202
3266,422
2694,143
512,65
3485,144
903,424
4174,19
564,157
4770,289
1253,497
3136,137
4270,237
1026,306
474,448
2969,13
4320,466
3334,98
1943,381
2743,207
2232,309
4419,258
4859,423
2637,22
2426,149
2943,446
4141,185
409,339
3544,405
1330,90
917,44
4753,9
4022,96
1133,258
2634,226
3510,84
3144,345
2547,341
1902,496
1844,126
4066,166
3374,97
4353,229
1171,175
3392,165
1545,61
2910,359
2386,141
3656,431
397,137
4762,399
237,159
2476,365
3309,314
1673,281
2164,249
1429,273
4353,110
3525,389
941,57
1232,109
410,135
790,252
2782,453
3755,237
3046,67
2503,257
4821,355
1722,385
3897,70
2200,59
3093,445
4722,99
3736,26
3814,164
878,196
2518,388
3044,152
2606,222
3487,225
3678,210
1438,155
922,19
2764,405
1385,158
178,371
2837,23
2623,443
887,412
103,228
3275,413
1577,30
878,307
364,76
4307,268
2983,226
3969,381
4536,244
774,482
3678,64
1626,62
4685,99
4089,208
1291,308
1094,36
630,292
1305,40
3532,113
468,498
1338,417
3265,459
1181,355
4940,244
4840,427
4279,177
584,327
3554,393
2739,226
1601,371
4513,288
4203,415
3608,125
3039,97
4376,423
2613,389
4830,219
3716,116
1291,406
1333,147
62,97
2776,419
482,90
2584,448
4830,311
4655,346
1531,355
1460,50
4487,66
1185,353
2811,398
4703,33
2995,132
2732,160
2328,494
192,32
1458,209
2715,432
3435,323
4852,438
1735,27
2079,496
2656,56
1004,246
3863,21
3296,413
3445,361
4055,334
4157,144
1184,435
3442,229
715,414
442,318
3035,254
2886,386
1326,226
3578,314
2123,198
4236,133
3435,447
3419,59
3951,230
3307,68
4201,231
1493,231
2399,344
2935,474
1487,279
2826,151
862,107
2301,428
2438,201
2347,311
2512,100
1871,433
2450,183
1865,390
2186,160
4320,455
185,240
3310,265
934,188
3301,170
4170,155
1930,147
3960,25
2286,78
1845,300
3144,295
4812,350
2181,422
646,190
2319,76
3890,112
2908,488
2947,76
2852,474
1842,407
4050,33
588,270
3073,44
908,459
160,412
110,341
4612,193
4577,272
2084,86
4512,362
3030,169
3920,368
2034,321
3410,8
4245,388
4135,491
3490,454
3459,56
2819,435
361,98
1732,211
3806,364
4777,428
279,391
3635,59
402,500
1507,452
3803,305
676,18
29,351
1592,119
3184,35
433,288
613,31
3418,115
255,227
2527,279
4126,68
495,184
1372,358
4915,363
1765,472
4146,396
329,218
3270,36
2344,94
2886,287
4593,484
4492,232
3286,279
2994,177
978,327
3532,268
1846,437
3320,367
4485,407
4715,370
1390,404
264,171
351,226
4109,176
1212,79
1258,183
1650,63
236,398
3607,172
95,452
561,447
1943,118
4330,87
2384,498
1440,326
3837,386
2045,338
1267,219
3361,257
1335,221
2223,407
1318,324
3089,205
1094,23
3491,133
253,42
396,3
33,305
2997,446
3357,224
634,202
305,481
1082,272
1451,99
4811,184
1818,351
2406,55
3376,61
3251,236
3415,241
248,391
2164,244
616,64
1428,127
2274,492
364,141
2711,32
3248,211
3853,441
1284,198
1535,306
1638,467
2012,392
1026,433
1872,386
582,441
3207,6
4591,380
1774,332
3025,245
4683,474
1989,94
4541,259
1665,185
3943,201
524,495
1964,97
2882,251
2869,210
4853,8
3540,76
377,302
29,318
2683,488
4232,447
1412,384
4995,336
1649,354
163,353
4913,74
1834,124
327,115
2402,443
2292,465
2559,127
559,26
1151,23
1625,215
2743,107
10,163
145,364
3713,380
686,495
3522,474
528,137
657,366
5000,332
3174,170
296,264
854,216
808,311
4802,112
3282,208
1210,23
906,53
3714,26
1558,456
361,473
730,427
2076,198
1426,487
2155,286
1450,24
4731,66
1469,93
3529,338
2967,337
2688,245
2028,409
4113,130
3384,97
4987,20
2379,254
944,293
1678,222
1162,158
3704,197
3060,23
317,126
258,490
1828,196
4877,311
1323,29
1329,292
3245,82
260,273
2132,125
4405,75
4895,23
4697,456
4635,492
2149,75
3821,20
2824,247
3991,139
1099,373
1141,33
612,61
4670,369
2025,392
1101,271
91,422
855,127
1649,73
3369,98
3935,415
3937,351
234,50
369,93
2385,410
1824,90
1303,182
2822,403
763,273
2479,401
2476,106
3369,82
2177,357
4249,251
517,388
952,364
2963,30
2678,495
3634,135
2223,32
4835,205
272,442
1197,373
2773,199
4628,419
4663,440
4287,24
3206,133
1014,391
348,117
1650,382
692,474
464,46
377,458
2842,190
1332,285
1325,207
3949,441
1178,232
1011,450
3258,219
1567,217
2872,58
4413,125
2323,208
4836,12
4032,363
255,80
1071,205
3900,499
1617,266
3281,191
1917,477
2803,56
3289,309
4381,38
1448,144
4738,283
4771,292
1663,447
1141,250
4803,365
3789,9
527,360
591,486
1976,420
3910,321
1985,335
3721,381
911,65
3804,90
2160,339
2266,472
4816,314
4977,315
2795,374
3458,279
3254,287
875,218
2193,436
1681,372
3035,40
3316,105
3214,470
4358,479
61,26
4144,210
611,316
119,414
3652,261
3956,141
269,130
1375,285
49,318
3063,139
3454,9
4579,244
589,403
2967,324
2129,323
4986,206
2465,206
3407,174
3075,468
1791,264
3318,173
1313,280
1384,127
3012,120
1811,268
3303,433
2721,238
307,8
3975,322
1198,150
1541,255
4336,187
4074,209
2274,431
4475,454
1282,206
3185,211
2748,409
4139,75
4220,295
1197,142
4197,199
2712,424
34,121
2605,157
3506,9
3700,372
4738,443
1348,351
4582,383
4408,395
1197,404
1818,400
3757,402
4819,475
1380,99
2636,349
2939,52
3042,156
3806,303
3980,179
1371,266
1326,238
2988,241
4695,496
4536,423
317,205
392,191
2683,285
267,44
3087,214
3113,420
2512,470
4592,323
1845,377
4149,482
2612,333
3904,358
2493,155
2408,495
3676,186
3028,261
2782,50
3776,23
1885,432
2675,103
3041,265
811,244
1507,418
2562,115
3284,353
929,183
731,481
384,442
1458,16
2525,367
1919,95
3642,463
653,333
3,286
1954,179
4394,421
4106,372
535,153
2282,26
2774,423
786,106
1030,161
3080,227
1154,433
806,186
